zpzaken.nl/wp-content/uploads/,https://eugkavokktjwpqaqlwsj.supabase.co/storage/v1/object/public/article-images/wp-content/uploads/,301,TRUE,TRUE,TRUE,TRUE
zpzaken.nl/belastingen,https://zpzaken.nl/kennisbank,301,TRUE,TRUE,FALSE,FALSE
zpzaken.nl/belastingen/,https://zpzaken.nl/kennisbank,301,TRUE,TRUE,FALSE,FALSE
zpzaken.nl/ondernemen,https://zpzaken.nl/kennisbank,301,TRUE,TRUE,FALSE,FALSE
zpzaken.nl/ondernemen/,https://zpzaken.nl/kennisbank,301,TRUE,TRUE,FALSE,FALSE
zpzaken.nl/financien,https://zpzaken.nl/kennisbank,301,TRUE,TRUE,FALSE,FALSE
zpzaken.nl/financien/,https://zpzaken.nl/kennisbank,301,TRUE,TRUE,FALSE,FALSE
zpzaken.nl/verzekeringen-info,https://zpzaken.nl/kennisbank,301,TRUE,TRUE,FALSE,FALSE
zpzaken.nl/verzekeringen-info/,https://zpzaken.nl/kennisbank,301,TRUE,TRUE,FALSE,FALSE
zpzaken.nl/wet-en-regelgeving,https://zpzaken.nl/kennisbank/wet-en-regelgeving,301,TRUE,TRUE,FALSE,FALSE
zpzaken.nl/wet-en-regelgeving/,https://zpzaken.nl/kennisbank/wet-en-regelgeving,301,TRUE,TRUE,FALSE,FALSE
zpzaken.nl/movir,https://zpzaken.nl/verzekeringen,301,TRUE,TRUE,FALSE,FALSE
zpzaken.nl/movir/,https://zpzaken.nl/verzekeringen,301,TRUE,TRUE,FALSE,FALSE
zpzaken.nl/wijzijnaov,https://zpzaken.nl/verzekeringen,301,TRUE,TRUE,FALSE,FALSE
zpzaken.nl/wijzijnaov/,https://zpzaken.nl/verzekeringen,301,TRUE,TRUE,FALSE,FALSE
zpzaken.nl/aov-via-centraalbeheer,https://zpzaken.nl/verzekeringen,301,TRUE,TRUE,FALSE,FALSE
zpzaken.nl/aov-via-centraalbeheer/,https://zpzaken.nl/verzekeringen,301,TRUE,TRUE,FALSE,FALSE
zpzaken.nl/sharepeople,https://zpzaken.nl/partners,301,TRUE,TRUE,FALSE,FALSE
zpzaken.nl/sharepeople/,https://zpzaken.nl/partners,301,TRUE,TRUE,FALSE,FALSE
zpzaken.nl/eherkenning,https://zpzaken.nl/kennisbank/eherkenning,301,TRUE,TRUE,FALSE,FALSE
zpzaken.nl/eherkenning/,https://zpzaken.nl/kennisbank/eherkenning,301,TRUE,TRUE,FALSE,FALSE
zpzaken.nl/klachten,https://zpzaken.nl/klachtenprocedure,301,TRUE,TRUE,FALSE,FALSE
zpzaken.nl/klachten/,https://zpzaken.nl/klachtenprocedure,301,TRUE,TRUE,FALSE,FALSE
zpzaken.nl/verplichte-aov-voor-zzp,https://zpzaken.nl/kennisbank/verplichte-aov-voor-zzp,301,TRUE,TRUE,FALSE,FALSE
zpzaken.nl/verplichte-aov-voor-zzp/,https://zpzaken.nl/kennisbank/verplichte-aov-voor-zzp,301,TRUE,TRUE,FALSE,FALSE
zpzaken.nl/nieuwe-regels-zzp,https://zpzaken.nl/kennisbank/nieuwe-regels-zzp-2025,301,TRUE,TRUE,FALSE,FALSE
zpzaken.nl/nieuwe-regels-zzp/,https://zpzaken.nl/kennisbank/nieuwe-regels-zzp-2025,301,TRUE,TRUE,FALSE,FALSE
zpzaken.nl/zelfstandigenwet-voor-zzp-ers,https://zpzaken.nl/kennisbank/zelfstandigenwet-voor-zzp-ers,301,TRUE,TRUE,FALSE,FALSE
zpzaken.nl/zelfstandigenwet-voor-zzp-ers/,https://zpzaken.nl/kennisbank/zelfstandigenwet-voor-zzp-ers,301,TRUE,TRUE,FALSE,FALSE
zpzaken.nl/vbar-wet-verduidelijking-beoordeling-arbeidsrelaties-en-rechtsvermoeden,https://zpzaken.nl/kennisbank/vbar-wet-verduidelijking-arbeidsrelaties,301,TRUE,TRUE,FALSE,FALSE
zpzaken.nl/vbar-wet-verduidelijking-beoordeling-arbeidsrelaties-en-rechtsvermoeden/,https://zpzaken.nl/kennisbank/vbar-wet-verduidelijking-arbeidsrelaties,301,TRUE,TRUE,FALSE,FALSE
zpzaken.nl/kleineondernemersregeling-kor,https://zpzaken.nl/kennisbank/wijziging-kleineondernemersregeling-kor-2025,301,TRUE,TRUE,FALSE,FALSE
zpzaken.nl/kleineondernemersregeling-kor/,https://zpzaken.nl/kennisbank/wijziging-kleineondernemersregeling-kor-2025,301,TRUE,TRUE,FALSE,FALSE
zpzaken.nl/wet-deregulering-beoordeling-arbeidsrelaties-dba,https://zpzaken.nl/kennisbank/wet-dba-alles-wat-je-moet-weten,301,TRUE,TRUE,FALSE,FALSE
zpzaken.nl/wet-deregulering-beoordeling-arbeidsrelaties-dba/,https://zpzaken.nl/kennisbank/wet-dba-alles-wat-je-moet-weten,301,TRUE,TRUE,FALSE,FALSE
zpzaken.nl/hoeveel-opdrachtgevers-zzp,https://zpzaken.nl/kennisbank/hoeveel-opdrachtgevers-zzp,301,TRUE,TRUE,FALSE,FALSE
zpzaken.nl/hoeveel-opdrachtgevers-zzp/,https://zpzaken.nl/kennisbank/hoeveel-opdrachtgevers-zzp,301,TRUE,TRUE,FALSE,FALSE
zpzaken.nl/alles-over-een-zzp-factuur,https://zpzaken.nl/kennisbank/alles-over-een-zzp-factuur,301,TRUE,TRUE,FALSE,FALSE
zpzaken.nl/alles-over-een-zzp-factuur/,https://zpzaken.nl/kennisbank/alles-over-een-zzp-factuur,301,TRUE,TRUE,FALSE,FALSE
zpzaken.nl/inschrijven-bij-de-kamer-van-koophandel,https://zpzaken.nl/kennisbank/inschrijven-bij-de-kamer-van-koophandel,301,TRUE,TRUE,FALSE,FALSE
zpzaken.nl/inschrijven-bij-de-kamer-van-koophandel/,https://zpzaken.nl/kennisbank/inschrijven-bij-de-kamer-van-koophandel,301,TRUE,TRUE,FALSE,FALSE
zpzaken.nl/zzp-administratie-en-boekhouding,https://zpzaken.nl/kennisbank/zzp-administratie-en-boekhouding,301,TRUE,TRUE,FALSE,FALSE
zpzaken.nl/zzp-administratie-en-boekhouding/,https://zpzaken.nl/kennisbank/zzp-administratie-en-boekhouding,301,TRUE,TRUE,FALSE,FALSE
zpzaken.nl/hoe-bereken-ik-bijtelling-als-zzper,https://zpzaken.nl/kennisbank/hoe-bereken-ik-bijtelling-als-zzper,301,TRUE,TRUE,FALSE,FALSE
zpzaken.nl/hoe-bereken-ik-bijtelling-als-zzper/,https://zpzaken.nl/kennisbank/hoe-bereken-ik-bijtelling-als-zzper,301,TRUE,TRUE,FALSE,FALSE
zpzaken.nl/is-eten-en-drinken-aftrekbaar-als-zzp-er,https://zpzaken.nl/kennisbank/is-eten-en-drinken-aftrekbaar-als-zzp-er,301,TRUE,TRUE,FALSE,FALSE
zpzaken.nl/is-eten-en-drinken-aftrekbaar-als-zzp-er/,https://zpzaken.nl/kennisbank/is-eten-en-drinken-aftrekbaar-als-zzp-er,301,TRUE,TRUE,FALSE,FALSE
zpzaken.nl/hoe-zit-het-met-reiskosten-als-zzp-er,https://zpzaken.nl/kennisbank/hoe-zit-het-met-reiskosten-als-zzp-er,301,TRUE,TRUE,FALSE,FALSE
zpzaken.nl/hoe-zit-het-met-reiskosten-als-zzp-er/,https://zpzaken.nl/kennisbank/hoe-zit-het-met-reiskosten-als-zzp-er,301,TRUE,TRUE,FALSE,FALSE
zpzaken.nl/uurtarief-berekenen-zzper,https://zpzaken.nl/kennisbank/uurtarief-berekenen-zzper,301,TRUE,TRUE,FALSE,FALSE
zpzaken.nl/uurtarief-berekenen-zzper/,https://zpzaken.nl/kennisbank/uurtarief-berekenen-zzper,301,TRUE,TRUE,FALSE,FALSE
zpzaken.nl/hoeveel-kan-je-als-zzp-er-verdienen-zonder-belasting-te-moeten-betalen,https://zpzaken.nl/kennisbank/hoeveel-kan-je-als-zzp-er-verdienen-zonder-belasting-te-moeten-betalen,301,TRUE,TRUE,FALSE,FALSE
zpzaken.nl/hoeveel-kan-je-als-zzp-er-verdienen-zonder-belasting-te-moeten-betalen/,https://zpzaken.nl/kennisbank/hoeveel-kan-je-als-zzp-er-verdienen-zonder-belasting-te-moeten-betalen,301,TRUE,TRUE,FALSE,FALSE
zpzaken.nl/winkel,https://zpzaken.nl/,301,TRUE,TRUE,FALSE,FALSE
zpzaken.nl/winkel/,https://zpzaken.nl/,301,TRUE,TRUE,FALSE,FALSE
zpzaken.nl/shop,https://zpzaken.nl/,301,TRUE,TRUE,FALSE,FALSE
zpzaken.nl/shop/,https://zpzaken.nl/,301,TRUE,TRUE,FALSE,FALSE
zpzaken.nl/product,https://zpzaken.nl/,301,TRUE,TRUE,FALSE,FALSE
zpzaken.nl/product/,https://zpzaken.nl/,301,TRUE,TRUE,FALSE,FALSE
zpzaken.nl/mijn-account,https://zpzaken.nl/,301,TRUE,TRUE,FALSE,FALSE
zpzaken.nl/mijn-account/,https://zpzaken.nl/,301,TRUE,TRUE,FALSE,FALSE
zpzaken.nl/my-account,https://zpzaken.nl/,301,TRUE,TRUE,FALSE,FALSE
zpzaken.nl/my-account/,https://zpzaken.nl/,301,TRUE,TRUE,FALSE,FALSE
zpzaken.nl/beroeps-en-bedrijfs-aansprakelijkheidsverzekering-zzp-avb-bav,https://zpzaken.nl/verzekeringen,301,TRUE,TRUE,FALSE,FALSE
zpzaken.nl/beroeps-en-bedrijfs-aansprakelijkheidsverzekering-zzp-avb-bav/,https://zpzaken.nl/verzekeringen,301,TRUE,TRUE,FALSE,FALSE
zpzaken.nl/beroeps-en-bedrijfsaansprakelijkheidsverzekering-zzp-avb-bav,https://zpzaken.nl/verzekeringen,301,TRUE,TRUE,FALSE,FALSE
zpzaken.nl/beroeps-en-bedrijfsaansprakelijkheidsverzekering-zzp-avb-bav/,https://zpzaken.nl/verzekeringen,301,TRUE,TRUE,FALSE,FALSE
zpzaken.nl/bijdrage-zorgverzekeringswet-zzp,https://zpzaken.nl/kennisbank/bijdrage-zorgverzekeringswet-zzp,301,TRUE,TRUE,FALSE,FALSE
zpzaken.nl/bijdrage-zorgverzekeringswet-zzp/,https://zpzaken.nl/kennisbank/bijdrage-zorgverzekeringswet-zzp,301,TRUE,TRUE,FALSE,FALSE
zpzaken.nl/zzp-zorgverzekering,https://zpzaken.nl/zorgverzekering,301,TRUE,TRUE,FALSE,FALSE
zpzaken.nl/zzp-zorgverzekering/,https://zpzaken.nl/zorgverzekering,301,TRUE,TRUE,FALSE,FALSE
zpzaken.nl/mentale-gezondheidstest-mirro,https://zpzaken.nl/mentale-gezondheid,301,TRUE,TRUE,FALSE,FALSE
zpzaken.nl/mentale-gezondheidstest-mirro/,https://zpzaken.nl/mentale-gezondheid,301,TRUE,TRUE,FALSE,FALSE
zpzaken.nl/help-andere-zzpers,https://zpzaken.nl/contact,301,TRUE,TRUE,FALSE,FALSE
zpzaken.nl/help-andere-zzpers/,https://zpzaken.nl/contact,301,TRUE,TRUE,FALSE,FALSE
zpzaken.nl/go/algemene-voorwaarden-zp,https://zpzaken.nl/algemene-voorwaarden,301,TRUE,TRUE,FALSE,FALSE
zpzaken.nl/go/algemene-voorwaarden-zp/,https://zpzaken.nl/algemene-voorwaarden,301,TRUE,TRUE,FALSE,FALSE
zpzaken.nl/go/privacy-statement,https://zpzaken.nl/cookies,301,TRUE,TRUE,FALSE,FALSE
zpzaken.nl/go/privacy-statement/,https://zpzaken.nl/cookies,301,TRUE,TRUE,FALSE,FALSE
zpzaken.nl/zpzakenaov-movir,https://zpzaken.nl/aov,301,TRUE,TRUE,FALSE,FALSE
zpzaken.nl/zpzakenaov-movir/,https://zpzaken.nl/aov,301,TRUE,TRUE,FALSE,FALSE
zpzaken.nl/arbeidsongeschiktheidsverzekering-aov-zzp,https://zpzaken.nl/aov,301,TRUE,TRUE,FALSE,FALSE
zpzaken.nl/arbeidsongeschiktheidsverzekering-aov-zzp/,https://zpzaken.nl/aov,301,TRUE,TRUE,FALSE,FALSE
zpzaken.nl/alles-over-verzekeringen-voor-zzpers,https://zpzaken.nl/verzekeringen,301,TRUE,TRUE,FALSE,FALSE
zpzaken.nl/alles-over-verzekeringen-voor-zzpers/,https://zpzaken.nl/verzekeringen,301,TRUE,TRUE,FALSE,FALSE
zpzaken.nl/een-aov-bij-movir-aanvragen,https://zpzaken.nl/aov,301,TRUE,TRUE,FALSE,FALSE
zpzaken.nl/een-aov-bij-movir-aanvragen/,https://zpzaken.nl/aov,301,TRUE,TRUE,FALSE,FALSE
zpzaken.nl/contact-zpzaken,https://zpzaken.nl/contact,301,TRUE,TRUE,FALSE,FALSE
zpzaken.nl/contact-zpzaken/,https://zpzaken.nl/contact,301,TRUE,TRUE,FALSE,FALSE
zpzaken.nl/neem-gerust-contact-op,https://zpzaken.nl/contact,301,TRUE,TRUE,FALSE,FALSE
zpzaken.nl/neem-gerust-contact-op/,https://zpzaken.nl/contact,301,TRUE,TRUE,FALSE,FALSE
zpzaken.nl/bav-verzekering,https://zpzaken.nl/verzekeringen,301,TRUE,TRUE,FALSE,FALSE
zpzaken.nl/bav-verzekering/,https://zpzaken.nl/verzekeringen,301,TRUE,TRUE,FALSE,FALSE
zpzaken.nl/avb-verzekering,https://zpzaken.nl/verzekeringen,301,TRUE,TRUE,FALSE,FALSE
zpzaken.nl/avb-verzekering/,https://zpzaken.nl/verzekeringen,301,TRUE,TRUE,FALSE,FALSE
zpzaken.nl/bav-avb,https://zpzaken.nl/verzekeringen,301,TRUE,TRUE,FALSE,FALSE
zpzaken.nl/bav-avb/,https://zpzaken.nl/verzekeringen,301,TRUE,TRUE,FALSE,FALSE
zpzaken.nl/zzp-verzekering,https://zpzaken.nl/verzekeringen,301,TRUE,TRUE,FALSE,FALSE
zpzaken.nl/zzp-verzekering/,https://zpzaken.nl/verzekeringen,301,TRUE,TRUE,FALSE,FALSE
zpzaken.nl/zzp-verzekeringen,https://zpzaken.nl/verzekeringen,301,TRUE,TRUE,FALSE,FALSE
zpzaken.nl/zzp-verzekeringen/,https://zpzaken.nl/verzekeringen,301,TRUE,TRUE,FALSE,FALSE
zpzaken.nl/verzekering-zzp,https://zpzaken.nl/verzekeringen,301,TRUE,TRUE,FALSE,FALSE
zpzaken.nl/verzekering-zzp/,https://zpzaken.nl/verzekeringen,301,TRUE,TRUE,FALSE,FALSE
zpzaken.nl/aov-zzp,https://zpzaken.nl/aov,301,TRUE,TRUE,FALSE,FALSE
zpzaken.nl/aov-zzp/,https://zpzaken.nl/aov,301,TRUE,TRUE,FALSE,FALSE
zpzaken.nl/zzp-aov,https://zpzaken.nl/aov,301,TRUE,TRUE,FALSE,FALSE
zpzaken.nl/zzp-aov/,https://zpzaken.nl/aov,301,TRUE,TRUE,FALSE,FALSE
zpzaken.nl/pensioen-zzp,https://zpzaken.nl/pensioen,301,TRUE,TRUE,FALSE,FALSE
zpzaken.nl/pensioen-zzp/,https://zpzaken.nl/pensioen,301,TRUE,TRUE,FALSE,FALSE
zpzaken.nl/zzp-pensioen,https://zpzaken.nl/pensioen,301,TRUE,TRUE,FALSE,FALSE
zpzaken.nl/zzp-pensioen/,https://zpzaken.nl/pensioen,301,TRUE,TRUE,FALSE,FALSE
zpzaken.nl/zorgverzekering-zzp,https://zpzaken.nl/zorgverzekering,301,TRUE,TRUE,FALSE,FALSE
zpzaken.nl/zorgverzekering-zzp/,https://zpzaken.nl/zorgverzekering,301,TRUE,TRUE,FALSE,FALSE
zpzaken.nl/gratis-advies,https://zpzaken.nl/contact,301,TRUE,TRUE,FALSE,FALSE
zpzaken.nl/gratis-advies/,https://zpzaken.nl/contact,301,TRUE,TRUE,FALSE,FALSE
zpzaken.nl/adviesgesprek,https://zpzaken.nl/contact,301,TRUE,TRUE,FALSE,FALSE
zpzaken.nl/adviesgesprek/,https://zpzaken.nl/contact,301,TRUE,TRUE,FALSE,FALSE
zpzaken.nl/aanvragen,https://zpzaken.nl/verzekeringen,301,TRUE,TRUE,FALSE,FALSE
zpzaken.nl/aanvragen/,https://zpzaken.nl/verzekeringen,301,TRUE,TRUE,FALSE,FALSE
zpzaken.nl/afsluiten,https://zpzaken.nl/verzekeringen,301,TRUE,TRUE,FALSE,FALSE
zpzaken.nl/afsluiten/,https://zpzaken.nl/verzekeringen,301,TRUE,TRUE,FALSE,FALSE
zpzaken.nl/blog,https://zpzaken.nl/kennisbank,301,TRUE,TRUE,FALSE,FALSE
zpzaken.nl/blog/,https://zpzaken.nl/kennisbank,301,TRUE,TRUE,FALSE,FALSE
zpzaken.nl/nieuws,https://zpzaken.nl/kennisbank,301,TRUE,TRUE,FALSE,FALSE
zpzaken.nl/nieuws/,https://zpzaken.nl/kennisbank,301,TRUE,TRUE,FALSE,FALSE
zpzaken.nl/artikel,https://zpzaken.nl/kennisbank,301,TRUE,TRUE,FALSE,FALSE
zpzaken.nl/artikel/,https://zpzaken.nl/kennisbank,301,TRUE,TRUE,FALSE,FALSE
zpzaken.nl/over,https://zpzaken.nl/over-ons,301,TRUE,TRUE,FALSE,FALSE
zpzaken.nl/over/,https://zpzaken.nl/over-ons,301,TRUE,TRUE,FALSE,FALSE
zpzaken.nl/team,https://zpzaken.nl/over-ons,301,TRUE,TRUE,FALSE,FALSE
zpzaken.nl/team/,https://zpzaken.nl/over-ons,301,TRUE,TRUE,FALSE,FALSE
zpzaken.nl/wie-zijn-wij,https://zpzaken.nl/over-ons,301,TRUE,TRUE,FALSE,FALSE
zpzaken.nl/wie-zijn-wij/,https://zpzaken.nl/over-ons,301,TRUE,TRUE,FALSE,FALSE
zpzaken.nl/privacy,https://zpzaken.nl/cookies,301,TRUE,TRUE,FALSE,FALSE
zpzaken.nl/privacy/,https://zpzaken.nl/cookies,301,TRUE,TRUE,FALSE,FALSE
zpzaken.nl/privacyverklaring,https://zpzaken.nl/cookies,301,TRUE,TRUE,FALSE,FALSE
zpzaken.nl/privacyverklaring/,https://zpzaken.nl/cookies,301,TRUE,TRUE,FALSE,FALSE
zpzaken.nl/voorwaarden,https://zpzaken.nl/documenten#verzekeringsvoorwaarden,301,TRUE,TRUE,FALSE,FALSE
zpzaken.nl/voorwaarden/,https://zpzaken.nl/documenten#verzekeringsvoorwaarden,301,TRUE,TRUE,FALSE,FALSE
zpzaken.nl/polisvoorwaarden,https://zpzaken.nl/documenten#verzekeringsvoorwaarden,301,TRUE,TRUE,FALSE,FALSE
zpzaken.nl/polisvoorwaarden/,https://zpzaken.nl/documenten#verzekeringsvoorwaarden,301,TRUE,TRUE,FALSE,FALSE
zpzaken.nl/disclaimer,https://zpzaken.nl/faq,301,TRUE,TRUE,FALSE,FALSE
zpzaken.nl/disclaimer/,https://zpzaken.nl/faq,301,TRUE,TRUE,FALSE,FALSE
zpzaken.nl/kennis,https://zpzaken.nl/kennisbank,301,TRUE,TRUE,FALSE,FALSE
zpzaken.nl/kennis/,https://zpzaken.nl/kennisbank,301,TRUE,TRUE,FALSE,FALSE
zpzaken.nl/auto-van-de-zaak-of-prive,https://zpzaken.nl/kennisbank/auto-van-de-zaak-of-prive,301,TRUE,TRUE,FALSE,FALSE
zpzaken.nl/auto-van-de-zaak-of-prive/,https://zpzaken.nl/kennisbank/auto-van-de-zaak-of-prive,301,TRUE,TRUE,FALSE,FALSE
zpzaken.nl/zzp-of-eenmanszaak,https://zpzaken.nl/kennisbank/zzp-of-eenmanszaak,301,TRUE,TRUE,FALSE,FALSE
zpzaken.nl/zzp-of-eenmanszaak/,https://zpzaken.nl/kennisbank/zzp-of-eenmanszaak,301,TRUE,TRUE,FALSE,FALSE
zpzaken.nl/zzp-aftrekposten,https://zpzaken.nl/kennisbank/zzp-aftrekposten,301,TRUE,TRUE,FALSE,FALSE
zpzaken.nl/zzp-aftrekposten/,https://zpzaken.nl/kennisbank/zzp-aftrekposten,301,TRUE,TRUE,FALSE,FALSE
zpzaken.nl/zzp-er-met-een-bv-wat-zijn-de-voor-en-nadelen,https://zpzaken.nl/kennisbank/zzp-er-met-een-bv-wat-zijn-de-voor-en-nadelen,301,TRUE,TRUE,FALSE,FALSE
zpzaken.nl/zzp-er-met-een-bv-wat-zijn-de-voor-en-nadelen/,https://zpzaken.nl/kennisbank/zzp-er-met-een-bv-wat-zijn-de-voor-en-nadelen,301,TRUE,TRUE,FALSE,FALSE
zpzaken.nl/wet-toekomst-pensioenen-wtp-voor-zzp-ers,https://zpzaken.nl/kennisbank/wet-toekomst-pensioenen-wtp-voor-zzp-ers,301,TRUE,TRUE,FALSE,FALSE
zpzaken.nl/wet-toekomst-pensioenen-wtp-voor-zzp-ers/,https://zpzaken.nl/kennisbank/wet-toekomst-pensioenen-wtp-voor-zzp-ers,301,TRUE,TRUE,FALSE,FALSE
zpzaken.nl/welke-verzekeringen-zzp,https://zpzaken.nl/kennisbank/welke-verzekeringen-zzp,301,TRUE,TRUE,FALSE,FALSE
zpzaken.nl/welke-verzekeringen-zzp/,https://zpzaken.nl/kennisbank/welke-verzekeringen-zzp,301,TRUE,TRUE,FALSE,FALSE
zpzaken.nl/wat-kosten-verzekeringen-voor-zzp-ers,https://zpzaken.nl/kennisbank/wat-kosten-verzekeringen-voor-zzp-ers,301,TRUE,TRUE,FALSE,FALSE
zpzaken.nl/wat-kosten-verzekeringen-voor-zzp-ers/,https://zpzaken.nl/kennisbank/wat-kosten-verzekeringen-voor-zzp-ers,301,TRUE,TRUE,FALSE,FALSE
zpzaken.nl/rijd-je-als-zzp-er-fiscaal-voordelig-met-een-youngtimer,https://zpzaken.nl/kennisbank/rijd-je-als-zzp-er-fiscaal-voordelig-met-een-youngtimer,301,TRUE,TRUE,FALSE,FALSE
zpzaken.nl/rijd-je-als-zzp-er-fiscaal-voordelig-met-een-youngtimer/,https://zpzaken.nl/kennisbank/rijd-je-als-zzp-er-fiscaal-voordelig-met-een-youngtimer,301,TRUE,TRUE,FALSE,FALSE
zpzaken.nl/voordelen-van-zzp,https://zpzaken.nl/kennisbank/voordelen-van-zzp,301,TRUE,TRUE,FALSE,FALSE
zpzaken.nl/voordelen-van-zzp/,https://zpzaken.nl/kennisbank/voordelen-van-zzp,301,TRUE,TRUE,FALSE,FALSE
zpzaken.nl/hoe-combineer-je-loondienst-en-zzp,https://zpzaken.nl/kennisbank/hoe-combineer-je-loondienst-en-zzp,301,TRUE,TRUE,FALSE,FALSE
zpzaken.nl/hoe-combineer-je-loondienst-en-zzp/,https://zpzaken.nl/kennisbank/hoe-combineer-je-loondienst-en-zzp,301,TRUE,TRUE,FALSE,FALSE
zpzaken.nl/hoe-bereken-ik-mijn-inkomen-als-zzp-er-naast-loondienst,https://zpzaken.nl/kennisbank/hoe-bereken-ik-mijn-inkomen-als-zzp-er-naast-loondienst,301,TRUE,TRUE,FALSE,FALSE
zpzaken.nl/hoe-bereken-ik-mijn-inkomen-als-zzp-er-naast-loondienst/,https://zpzaken.nl/kennisbank/hoe-bereken-ik-mijn-inkomen-als-zzp-er-naast-loondienst,301,TRUE,TRUE,FALSE,FALSE
zpzaken.nl/wat-is-de-zelfstandigenaftrek,https://zpzaken.nl/kennisbank/wat-is-de-zelfstandigenaftrek,301,TRUE,TRUE,FALSE,FALSE
zpzaken.nl/wat-is-de-zelfstandigenaftrek/,https://zpzaken.nl/kennisbank/wat-is-de-zelfstandigenaftrek,301,TRUE,TRUE,FALSE,FALSE
zpzaken.nl/cyberverzekering-zzp,https://zpzaken.nl/kennisbank/cyberverzekering-zzp,301,TRUE,TRUE,FALSE,FALSE
zpzaken.nl/cyberverzekering-zzp/,https://zpzaken.nl/kennisbank/cyberverzekering-zzp,301,TRUE,TRUE,FALSE,FALSE
zpzaken.nl/zzp-en-belasting,https://zpzaken.nl/kennisbank/zzp-en-belasting,301,TRUE,TRUE,FALSE,FALSE
zpzaken.nl/zzp-en-belasting/,https://zpzaken.nl/kennisbank/zzp-en-belasting,301,TRUE,TRUE,FALSE,FALSE
zpzaken.nl/starten-met-ondernemen-als-zzper,https://zpzaken.nl/kennisbank/starten-met-ondernemen-als-zzper,301,TRUE,TRUE,FALSE,FALSE
zpzaken.nl/starten-met-ondernemen-als-zzper/,https://zpzaken.nl/kennisbank/starten-met-ondernemen-als-zzper,301,TRUE,TRUE,FALSE,FALSE
zpzaken.nl/wanneer-zelfstandig-ondernemer-voor-de-belastingdienst,https://zpzaken.nl/kennisbank/wanneer-zelfstandig-ondernemer-voor-de-belastingdienst,301,TRUE,TRUE,FALSE,FALSE
zpzaken.nl/wanneer-zelfstandig-ondernemer-voor-de-belastingdienst/,https://zpzaken.nl/kennisbank/wanneer-zelfstandig-ondernemer-voor-de-belastingdienst,301,TRUE,TRUE,FALSE,FALSE
zpzaken.nl/ondernemingsplan,https://zpzaken.nl/kennisbank/ondernemingsplan,301,TRUE,TRUE,FALSE,FALSE
zpzaken.nl/ondernemingsplan/,https://zpzaken.nl/kennisbank/ondernemingsplan,301,TRUE,TRUE,FALSE,FALSE
zpzaken.nl/wat-is-startersaftrek,https://zpzaken.nl/kennisbank/wat-is-startersaftrek,301,TRUE,TRUE,FALSE,FALSE
zpzaken.nl/wat-is-startersaftrek/,https://zpzaken.nl/kennisbank/wat-is-startersaftrek,301,TRUE,TRUE,FALSE,FALSE
zpzaken.nl/wat-is-het-urencriterium,https://zpzaken.nl/kennisbank/wat-is-het-urencriterium,301,TRUE,TRUE,FALSE,FALSE
zpzaken.nl/wat-is-het-urencriterium/,https://zpzaken.nl/kennisbank/wat-is-het-urencriterium,301,TRUE,TRUE,FALSE,FALSE
zpzaken.nl/voor-en-nadelen-broodfonds-of-schenkkring,https://zpzaken.nl/kennisbank/voor-en-nadelen-broodfonds-of-schenkkring,301,TRUE,TRUE,FALSE,FALSE
zpzaken.nl/voor-en-nadelen-broodfonds-of-schenkkring/,https://zpzaken.nl/kennisbank/voor-en-nadelen-broodfonds-of-schenkkring,301,TRUE,TRUE,FALSE,FALSE
zpzaken.nl/kleinschaligheidsinvesteringsaftrek-kia-voor-zzpers,https://zpzaken.nl/kennisbank/kleinschaligheidsinvesteringsaftrek-kia-voor-zzpers,301,TRUE,TRUE,FALSE,FALSE
zpzaken.nl/kleinschaligheidsinvesteringsaftrek-kia-voor-zzpers/,https://zpzaken.nl/kennisbank/kleinschaligheidsinvesteringsaftrek-kia-voor-zzpers,301,TRUE,TRUE,FALSE,FALSE
zpzaken.nl/schijnzelfstandigheid-als-zzp-er,https://zpzaken.nl/kennisbank/schijnzelfstandigheid-als-zzp-er,301,TRUE,TRUE,FALSE,FALSE
zpzaken.nl/schijnzelfstandigheid-als-zzp-er/,https://zpzaken.nl/kennisbank/schijnzelfstandigheid-als-zzp-er,301,TRUE,TRUE,FALSE,FALSE
zpzaken.nl/btw-aangifte-zzp,https://zpzaken.nl/kennisbank/btw-aangifte-zzp,301,TRUE,TRUE,FALSE,FALSE
zpzaken.nl/btw-aangifte-zzp/,https://zpzaken.nl/kennisbank/btw-aangifte-zzp,301,TRUE,TRUE,FALSE,FALSE
zpzaken.nl/hypotheek-berekenen-en-afsluiten-als-zzp-er,https://zpzaken.nl/kennisbank/hypotheek-berekenen-en-afsluiten-als-zzp-er,301,TRUE,TRUE,FALSE,FALSE
zpzaken.nl/hypotheek-berekenen-en-afsluiten-als-zzp-er/,https://zpzaken.nl/kennisbank/hypotheek-berekenen-en-afsluiten-als-zzp-er,301,TRUE,TRUE,FALSE,FALSE
zpzaken.nl/moneysure-aov-alternatief,https://zpzaken.nl/aov,301,TRUE,TRUE,FALSE,FALSE
zpzaken.nl/moneysure-aov-alternatief/,https://zpzaken.nl/aov,301,TRUE,TRUE,FALSE,FALSE
zpzaken.nl/brightpensioen,https://zpzaken.nl/pensioen,301,TRUE,TRUE,FALSE,FALSE
zpzaken.nl/brightpensioen/,https://zpzaken.nl/pensioen,301,TRUE,TRUE,FALSE,FALSE
zpzaken.nl/hoe-was-jouw-ervaring-met-zp-zaken,https://zpzaken.nl/contact,301,TRUE,TRUE,FALSE,FALSE
zpzaken.nl/hoe-was-jouw-ervaring-met-zp-zaken/,https://zpzaken.nl/contact,301,TRUE,TRUE,FALSE,FALSE
zpzaken.nl/merk/otentica,https://zpzaken.nl/screening,301,TRUE,TRUE,FALSE,FALSE
zpzaken.nl/merk/otentica/,https://zpzaken.nl/screening,301,TRUE,TRUE,FALSE,FALSE
zpzaken.nl/vacature-administrateur,https://zpzaken.nl/over-ons,301,TRUE,TRUE,FALSE,FALSE
zpzaken.nl/vacature-administrateur/,https://zpzaken.nl/over-ons,301,TRUE,TRUE,FALSE,FALSE
zpzaken.nl/verheij-groep-bv,https://zpzaken.nl/over-ons,301,TRUE,TRUE,FALSE,FALSE
zpzaken.nl/verheij-groep-bv/,https://zpzaken.nl/over-ons,301,TRUE,TRUE,FALSE,FALSE
zpzaken.nl/test-2,https://zpzaken.nl/,301,TRUE,TRUE,FALSE,FALSE
zpzaken.nl/test-2/,https://zpzaken.nl/,301,TRUE,TRUE,FALSE,FALSE
zpzaken.nl/feed,https://zpzaken.nl/kennisbank,301,TRUE,TRUE,FALSE,FALSE
zpzaken.nl/feed/,https://zpzaken.nl/kennisbank,301,TRUE,TRUE,FALSE,FALSE
zpzaken.nl/comments/feed,https://zpzaken.nl/kennisbank,301,TRUE,TRUE,FALSE,FALSE
zpzaken.nl/comments/feed/,https://zpzaken.nl/kennisbank,301,TRUE,TRUE,FALSE,FALSE
zpzaken.nl/kennisbank/feed,https://zpzaken.nl/kennisbank,301,TRUE,TRUE,FALSE,FALSE
zpzaken.nl/kennisbank/feed/,https://zpzaken.nl/kennisbank,301,TRUE,TRUE,FALSE,FALSE
zpzaken.nl/category/belastingen,https://zpzaken.nl/kennisbank/belastingen,301,TRUE,TRUE,FALSE,FALSE
zpzaken.nl/category/belastingen/,https://zpzaken.nl/kennisbank/belastingen,301,TRUE,TRUE,FALSE,FALSE
zpzaken.nl/category/fiscaal,https://zpzaken.nl/kennisbank/belastingen,301,TRUE,TRUE,FALSE,FALSE
zpzaken.nl/category/fiscaal/,https://zpzaken.nl/kennisbank/belastingen,301,TRUE,TRUE,FALSE,FALSE
zpzaken.nl/category/financien,https://zpzaken.nl/kennisbank/financien,301,TRUE,TRUE,FALSE,FALSE
zpzaken.nl/category/financien/,https://zpzaken.nl/kennisbank/financien,301,TRUE,TRUE,FALSE,FALSE
zpzaken.nl/category/ondernemen,https://zpzaken.nl/kennisbank/ondernemen,301,TRUE,TRUE,FALSE,FALSE
zpzaken.nl/category/ondernemen/,https://zpzaken.nl/kennisbank/ondernemen,301,TRUE,TRUE,FALSE,FALSE
zpzaken.nl/category/wet-en-regelgeving,https://zpzaken.nl/kennisbank/wet-en-regelgeving,301,TRUE,TRUE,FALSE,FALSE
zpzaken.nl/category/wet-en-regelgeving/,https://zpzaken.nl/kennisbank/wet-en-regelgeving,301,TRUE,TRUE,FALSE,FALSE
zpzaken.nl/category/regelgeving,https://zpzaken.nl/kennisbank/wet-en-regelgeving,301,TRUE,TRUE,FALSE,FALSE
zpzaken.nl/category/regelgeving/,https://zpzaken.nl/kennisbank/wet-en-regelgeving,301,TRUE,TRUE,FALSE,FALSE
zpzaken.nl/category/wetgeving,https://zpzaken.nl/kennisbank/wet-en-regelgeving,301,TRUE,TRUE,FALSE,FALSE
zpzaken.nl/category/wetgeving/,https://zpzaken.nl/kennisbank/wet-en-regelgeving,301,TRUE,TRUE,FALSE,FALSE
zpzaken.nl/tag/zzp,https://zpzaken.nl/kennisbank,301,TRUE,TRUE,FALSE,FALSE
zpzaken.nl/tag/zzp/,https://zpzaken.nl/kennisbank,301,TRUE,TRUE,FALSE,FALSE
zpzaken.nl/author/boy-kruiswijk,https://zpzaken.nl/over-ons,301,TRUE,TRUE,FALSE,FALSE
zpzaken.nl/author/boy-kruiswijk/,https://zpzaken.nl/over-ons,301,TRUE,TRUE,FALSE,FALSE
zpzaken.nl/author/admin,https://zpzaken.nl/over-ons,301,TRUE,TRUE,FALSE,FALSE
zpzaken.nl/author/admin/,https://zpzaken.nl/over-ons,301,TRUE,TRUE,FALSE,FALSE
zpzaken.nl/10-tips-voor-een-digitaal-veilig-bedrijf,https://zpzaken.nl/kennisbank,301,TRUE,TRUE,FALSE,FALSE
zpzaken.nl/10-tips-voor-een-digitaal-veilig-bedrijf/,https://zpzaken.nl/kennisbank,301,TRUE,TRUE,FALSE,FALSE
zpzaken.nl/6-hittetips-voor-een-productieve-dag-op-kantoor,https://zpzaken.nl/kennisbank,301,TRUE,TRUE,FALSE,FALSE
zpzaken.nl/6-hittetips-voor-een-productieve-dag-op-kantoor/,https://zpzaken.nl/kennisbank,301,TRUE,TRUE,FALSE,FALSE
zpzaken.nl/6-nieuwe-belastingmaatregelen-voor-ondernemers,https://zpzaken.nl/kennisbank/belastingen,301,TRUE,TRUE,FALSE,FALSE
zpzaken.nl/6-nieuwe-belastingmaatregelen-voor-ondernemers/,https://zpzaken.nl/kennisbank/belastingen,301,TRUE,TRUE,FALSE,FALSE
zpzaken.nl/8-tips-om-betalingsproblemen-te-voorkomen,https://zpzaken.nl/kennisbank/financien,301,TRUE,TRUE,FALSE,FALSE
zpzaken.nl/8-tips-om-betalingsproblemen-te-voorkomen/,https://zpzaken.nl/kennisbank/financien,301,TRUE,TRUE,FALSE,FALSE
zpzaken.nl/aanmeldformulier-cyberactie-bav,https://zpzaken.nl/verzekeringen,301,TRUE,TRUE,FALSE,FALSE
zpzaken.nl/aanmeldformulier-cyberactie-bav/,https://zpzaken.nl/verzekeringen,301,TRUE,TRUE,FALSE,FALSE
zpzaken.nl/aanmeldformulier-cyberactie-data,https://zpzaken.nl/verzekeringen,301,TRUE,TRUE,FALSE,FALSE
zpzaken.nl/aanmeldformulier-cyberactie-data/,https://zpzaken.nl/verzekeringen,301,TRUE,TRUE,FALSE,FALSE
zpzaken.nl/aanmeldformulier-cyberactie-golf,https://zpzaken.nl/verzekeringen,301,TRUE,TRUE,FALSE,FALSE
zpzaken.nl/aanmeldformulier-cyberactie-golf/,https://zpzaken.nl/verzekeringen,301,TRUE,TRUE,FALSE,FALSE
zpzaken.nl/aanmeldformulier-ictu-bav,https://zpzaken.nl/verzekeringen,301,TRUE,TRUE,FALSE,FALSE
zpzaken.nl/aanmeldformulier-ictu-bav/,https://zpzaken.nl/verzekeringen,301,TRUE,TRUE,FALSE,FALSE
zpzaken.nl/aansprakelijkheidsverzekering-zzp,https://zpzaken.nl/verzekeringen,301,TRUE,TRUE,FALSE,FALSE
zpzaken.nl/aansprakelijkheidsverzekering-zzp/,https://zpzaken.nl/verzekeringen,301,TRUE,TRUE,FALSE,FALSE
zpzaken.nl/aantal-fulltime-opdrachten-zzper-daalt,https://zpzaken.nl/kennisbank,301,TRUE,TRUE,FALSE,FALSE
zpzaken.nl/aantal-fulltime-opdrachten-zzper-daalt/,https://zpzaken.nl/kennisbank,301,TRUE,TRUE,FALSE,FALSE
zpzaken.nl/academy,https://zpzaken.nl/over-ons,301,TRUE,TRUE,FALSE,FALSE
zpzaken.nl/academy/,https://zpzaken.nl/over-ons,301,TRUE,TRUE,FALSE,FALSE
zpzaken.nl/advies-zzp,https://zpzaken.nl/diensten,301,TRUE,TRUE,FALSE,FALSE
zpzaken.nl/advies-zzp/,https://zpzaken.nl/diensten,301,TRUE,TRUE,FALSE,FALSE
zpzaken.nl/all-in,https://zpzaken.nl/verzekeringen,301,TRUE,TRUE,FALSE,FALSE
zpzaken.nl/all-in/,https://zpzaken.nl/verzekeringen,301,TRUE,TRUE,FALSE,FALSE
zpzaken.nl/allin-bedanktpage,https://zpzaken.nl/verzekeringen,301,TRUE,TRUE,FALSE,FALSE
zpzaken.nl/allin-bedanktpage/,https://zpzaken.nl/verzekeringen,301,TRUE,TRUE,FALSE,FALSE
zpzaken.nl/aov-movir,https://zpzaken.nl/aov,301,TRUE,TRUE,FALSE,FALSE
zpzaken.nl/aov-movir/,https://zpzaken.nl/aov,301,TRUE,TRUE,FALSE,FALSE
zpzaken.nl/arbeidongeschiktheidsverzekering,https://zpzaken.nl/aov,301,TRUE,TRUE,FALSE,FALSE
zpzaken.nl/arbeidongeschiktheidsverzekering/,https://zpzaken.nl/aov,301,TRUE,TRUE,FALSE,FALSE
zpzaken.nl/arbeidongeschiktheidsverzekering-cb,https://zpzaken.nl/aov,301,TRUE,TRUE,FALSE,FALSE
zpzaken.nl/arbeidongeschiktheidsverzekering-cb/,https://zpzaken.nl/aov,301,TRUE,TRUE,FALSE,FALSE
zpzaken.nl/arbeidongeschiktheidsverzekering-mo,https://zpzaken.nl/aov,301,TRUE,TRUE,FALSE,FALSE
zpzaken.nl/arbeidongeschiktheidsverzekering-mo/,https://zpzaken.nl/aov,301,TRUE,TRUE,FALSE,FALSE
zpzaken.nl/arbeidsongeschiktheidsverzekering,https://zpzaken.nl/aov,301,TRUE,TRUE,FALSE,FALSE
zpzaken.nl/arbeidsongeschiktheidsverzekering/,https://zpzaken.nl/aov,301,TRUE,TRUE,FALSE,FALSE
zpzaken.nl/arbeidsongeschiktheidsverzekering-m,https://zpzaken.nl/aov,301,TRUE,TRUE,FALSE,FALSE
zpzaken.nl/arbeidsongeschiktheidsverzekering-m/,https://zpzaken.nl/aov,301,TRUE,TRUE,FALSE,FALSE
zpzaken.nl/arbeidsongeschiktheidsvoorziening-s,https://zpzaken.nl/aov,301,TRUE,TRUE,FALSE,FALSE
zpzaken.nl/arbeidsongeschiktheidsvoorziening-s/,https://zpzaken.nl/aov,301,TRUE,TRUE,FALSE,FALSE
zpzaken.nl/author/infokasunmedia-nl,https://zpzaken.nl/over-ons,301,TRUE,TRUE,FALSE,FALSE
zpzaken.nl/author/infokasunmedia-nl/,https://zpzaken.nl/over-ons,301,TRUE,TRUE,FALSE,FALSE
zpzaken.nl/author/infokasunmedia-nl/page/2,https://zpzaken.nl/over-ons,301,TRUE,TRUE,FALSE,FALSE
zpzaken.nl/author/infokasunmedia-nl/page/2/,https://zpzaken.nl/over-ons,301,TRUE,TRUE,FALSE,FALSE
zpzaken.nl/author/infokasunmedia-nl/page/3,https://zpzaken.nl/over-ons,301,TRUE,TRUE,FALSE,FALSE
zpzaken.nl/author/infokasunmedia-nl/page/3/,https://zpzaken.nl/over-ons,301,TRUE,TRUE,FALSE,FALSE
zpzaken.nl/author/infokasunmedia-nl/page/4,https://zpzaken.nl/over-ons,301,TRUE,TRUE,FALSE,FALSE
zpzaken.nl/author/infokasunmedia-nl/page/4/,https://zpzaken.nl/over-ons,301,TRUE,TRUE,FALSE,FALSE
zpzaken.nl/author/zp_admin,https://zpzaken.nl/over-ons,301,TRUE,TRUE,FALSE,FALSE
zpzaken.nl/author/zp_admin/,https://zpzaken.nl/over-ons,301,TRUE,TRUE,FALSE,FALSE
zpzaken.nl/bav-bedankt,https://zpzaken.nl/verzekeringen,301,TRUE,TRUE,FALSE,FALSE
zpzaken.nl/bav-bedankt/,https://zpzaken.nl/verzekeringen,301,TRUE,TRUE,FALSE,FALSE
zpzaken.nl/bav-bedanktpage,https://zpzaken.nl/verzekeringen,301,TRUE,TRUE,FALSE,FALSE
zpzaken.nl/bav-bedanktpage/,https://zpzaken.nl/verzekeringen,301,TRUE,TRUE,FALSE,FALSE
zpzaken.nl/bav-hrm,https://zpzaken.nl/verzekeringen,301,TRUE,TRUE,FALSE,FALSE
zpzaken.nl/bav-hrm/,https://zpzaken.nl/verzekeringen,301,TRUE,TRUE,FALSE,FALSE
zpzaken.nl/bav-inschrijfformulier,https://zpzaken.nl/verzekeringen,301,TRUE,TRUE,FALSE,FALSE
zpzaken.nl/bav-inschrijfformulier/,https://zpzaken.nl/verzekeringen,301,TRUE,TRUE,FALSE,FALSE
zpzaken.nl/bav-it,https://zpzaken.nl/verzekeringen,301,TRUE,TRUE,FALSE,FALSE
zpzaken.nl/bav-it/,https://zpzaken.nl/verzekeringen,301,TRUE,TRUE,FALSE,FALSE
zpzaken.nl/bav-marketing,https://zpzaken.nl/verzekeringen,301,TRUE,TRUE,FALSE,FALSE
zpzaken.nl/bav-marketing/,https://zpzaken.nl/verzekeringen,301,TRUE,TRUE,FALSE,FALSE
zpzaken.nl/bav-overall,https://zpzaken.nl/verzekeringen,301,TRUE,TRUE,FALSE,FALSE
zpzaken.nl/bav-overall/,https://zpzaken.nl/verzekeringen,301,TRUE,TRUE,FALSE,FALSE
zpzaken.nl/bav-overstapformulier,https://zpzaken.nl/verzekeringen,301,TRUE,TRUE,FALSE,FALSE
zpzaken.nl/bav-overstapformulier/,https://zpzaken.nl/verzekeringen,301,TRUE,TRUE,FALSE,FALSE
zpzaken.nl/bedankt-nk-golf-voor-zpers-2018,https://zpzaken.nl/verzekeringen,301,TRUE,TRUE,FALSE,FALSE
zpzaken.nl/bedankt-nk-golf-voor-zpers-2018/,https://zpzaken.nl/verzekeringen,301,TRUE,TRUE,FALSE,FALSE
zpzaken.nl/beroeps-en-bedrijfsaansprakelijkheidsverzekering,https://zpzaken.nl/verzekeringen,301,TRUE,TRUE,FALSE,FALSE
zpzaken.nl/beroeps-en-bedrijfsaansprakelijkheidsverzekering/,https://zpzaken.nl/verzekeringen,301,TRUE,TRUE,FALSE,FALSE
zpzaken.nl/beroeps-en-bedrijfsaansprakelijkheidsverzekering-nodig-of-niet,https://zpzaken.nl/verzekeringen,301,TRUE,TRUE,FALSE,FALSE
zpzaken.nl/beroeps-en-bedrijfsaansprakelijkheidsverzekering-nodig-of-niet/,https://zpzaken.nl/verzekeringen,301,TRUE,TRUE,FALSE,FALSE
zpzaken.nl/betweenstaffing,https://zpzaken.nl/partners,301,TRUE,TRUE,FALSE,FALSE
zpzaken.nl/betweenstaffing/,https://zpzaken.nl/partners,301,TRUE,TRUE,FALSE,FALSE
zpzaken.nl/beweeg-je-stress-weg,https://zpzaken.nl/mentale-gezondheid,301,TRUE,TRUE,FALSE,FALSE
zpzaken.nl/beweeg-je-stress-weg/,https://zpzaken.nl/mentale-gezondheid,301,TRUE,TRUE,FALSE,FALSE
zpzaken.nl/blog-tarief-hoogopgeleide-zzper-piekt-op-65-jarige-leeftijd,https://zpzaken.nl/kennisbank,301,TRUE,TRUE,FALSE,FALSE
zpzaken.nl/blog-tarief-hoogopgeleide-zzper-piekt-op-65-jarige-leeftijd/,https://zpzaken.nl/kennisbank,301,TRUE,TRUE,FALSE,FALSE
zpzaken.nl/brancheverklaring,https://zpzaken.nl/verzekeringen,301,TRUE,TRUE,FALSE,FALSE
zpzaken.nl/brancheverklaring/,https://zpzaken.nl/verzekeringen,301,TRUE,TRUE,FALSE,FALSE
zpzaken.nl/btw-aangifte-waar-moet-je-aan-denken,https://zpzaken.nl/kennisbank/belastingen,301,TRUE,TRUE,FALSE,FALSE
zpzaken.nl/btw-aangifte-waar-moet-je-aan-denken/,https://zpzaken.nl/kennisbank/belastingen,301,TRUE,TRUE,FALSE,FALSE
zpzaken.nl/btw-nummer-van-nihil-aangevers-wordt-ingetrokken,https://zpzaken.nl/kennisbank/belastingen,301,TRUE,TRUE,FALSE,FALSE
zpzaken.nl/btw-nummer-van-nihil-aangevers-wordt-ingetrokken/,https://zpzaken.nl/kennisbank/belastingen,301,TRUE,TRUE,FALSE,FALSE
zpzaken.nl/category/arbeidsongeschiktheid,https://zpzaken.nl/aov,301,TRUE,TRUE,FALSE,FALSE
zpzaken.nl/category/arbeidsongeschiktheid/,https://zpzaken.nl/aov,301,TRUE,TRUE,FALSE,FALSE
zpzaken.nl/category/cyber,https://zpzaken.nl/verzekeringen,301,TRUE,TRUE,FALSE,FALSE
zpzaken.nl/category/cyber/,https://zpzaken.nl/verzekeringen,301,TRUE,TRUE,FALSE,FALSE
zpzaken.nl/category/financieel,https://zpzaken.nl/kennisbank/financien,301,TRUE,TRUE,FALSE,FALSE
zpzaken.nl/category/financieel/,https://zpzaken.nl/kennisbank/financien,301,TRUE,TRUE,FALSE,FALSE
zpzaken.nl/category/financieel/page/2,https://zpzaken.nl/kennisbank/financien,301,TRUE,TRUE,FALSE,FALSE
zpzaken.nl/category/financieel/page/2/,https://zpzaken.nl/kennisbank/financien,301,TRUE,TRUE,FALSE,FALSE
zpzaken.nl/category/juridisch,https://zpzaken.nl/kennisbank/wet-en-regelgeving,301,TRUE,TRUE,FALSE,FALSE
zpzaken.nl/category/juridisch/,https://zpzaken.nl/kennisbank/wet-en-regelgeving,301,TRUE,TRUE,FALSE,FALSE
zpzaken.nl/category/mobiliteit,https://zpzaken.nl/kennisbank/belastingen,301,TRUE,TRUE,FALSE,FALSE
zpzaken.nl/category/mobiliteit/,https://zpzaken.nl/kennisbank/belastingen,301,TRUE,TRUE,FALSE,FALSE
zpzaken.nl/category/ontwikkeling,https://zpzaken.nl/kennisbank/ondernemen,301,TRUE,TRUE,FALSE,FALSE
zpzaken.nl/category/ontwikkeling/,https://zpzaken.nl/kennisbank/ondernemen,301,TRUE,TRUE,FALSE,FALSE
zpzaken.nl/category/pensioen,https://zpzaken.nl/pensioen,301,TRUE,TRUE,FALSE,FALSE
zpzaken.nl/category/pensioen/,https://zpzaken.nl/pensioen,301,TRUE,TRUE,FALSE,FALSE
zpzaken.nl/category/uncategorized,https://zpzaken.nl/kennisbank,301,TRUE,TRUE,FALSE,FALSE
zpzaken.nl/category/uncategorized/,https://zpzaken.nl/kennisbank,301,TRUE,TRUE,FALSE,FALSE
zpzaken.nl/category/verzekeringen,https://zpzaken.nl/verzekeringen,301,TRUE,TRUE,FALSE,FALSE
zpzaken.nl/category/verzekeringen/,https://zpzaken.nl/verzekeringen,301,TRUE,TRUE,FALSE,FALSE
zpzaken.nl/category/zelfstandig-professional,https://zpzaken.nl/kennisbank/ondernemen,301,TRUE,TRUE,FALSE,FALSE
zpzaken.nl/category/zelfstandig-professional/,https://zpzaken.nl/kennisbank/ondernemen,301,TRUE,TRUE,FALSE,FALSE
zpzaken.nl/category/zelfstandig-professional/page/2,https://zpzaken.nl/kennisbank/ondernemen,301,TRUE,TRUE,FALSE,FALSE
zpzaken.nl/category/zelfstandig-professional/page/2/,https://zpzaken.nl/kennisbank/ondernemen,301,TRUE,TRUE,FALSE,FALSE
zpzaken.nl/category/zp-golf,https://zpzaken.nl/kennisbank,301,TRUE,TRUE,FALSE,FALSE
zpzaken.nl/category/zp-golf/,https://zpzaken.nl/kennisbank,301,TRUE,TRUE,FALSE,FALSE
zpzaken.nl/control,https://zpzaken.nl/creditcontrol,301,TRUE,TRUE,FALSE,FALSE
zpzaken.nl/control/,https://zpzaken.nl/creditcontrol,301,TRUE,TRUE,FALSE,FALSE
zpzaken.nl/control/advies,https://zpzaken.nl/creditcontrol,301,TRUE,TRUE,FALSE,FALSE
zpzaken.nl/control/advies/,https://zpzaken.nl/creditcontrol,301,TRUE,TRUE,FALSE,FALSE
zpzaken.nl/control/algemene-voorwaarden,https://zpzaken.nl/creditcontrol,301,TRUE,TRUE,FALSE,FALSE
zpzaken.nl/control/algemene-voorwaarden/,https://zpzaken.nl/creditcontrol,301,TRUE,TRUE,FALSE,FALSE
zpzaken.nl/control/bav,https://zpzaken.nl/creditcontrol,301,TRUE,TRUE,FALSE,FALSE
zpzaken.nl/control/bav/,https://zpzaken.nl/creditcontrol,301,TRUE,TRUE,FALSE,FALSE
zpzaken.nl/control/contact,https://zpzaken.nl/creditcontrol,301,TRUE,TRUE,FALSE,FALSE
zpzaken.nl/control/contact/,https://zpzaken.nl/creditcontrol,301,TRUE,TRUE,FALSE,FALSE
zpzaken.nl/control/faq,https://zpzaken.nl/creditcontrol,301,TRUE,TRUE,FALSE,FALSE
zpzaken.nl/control/faq/,https://zpzaken.nl/creditcontrol,301,TRUE,TRUE,FALSE,FALSE
zpzaken.nl/control/financieel,https://zpzaken.nl/creditcontrol,301,TRUE,TRUE,FALSE,FALSE
zpzaken.nl/control/financieel/,https://zpzaken.nl/creditcontrol,301,TRUE,TRUE,FALSE,FALSE
zpzaken.nl/control/financieel/financiele-analyse,https://zpzaken.nl/creditcontrol,301,TRUE,TRUE,FALSE,FALSE
zpzaken.nl/control/financieel/financiele-analyse/,https://zpzaken.nl/creditcontrol,301,TRUE,TRUE,FALSE,FALSE
zpzaken.nl/control/financieel/hypotheek-advies,https://zpzaken.nl/creditcontrol,301,TRUE,TRUE,FALSE,FALSE
zpzaken.nl/control/financieel/hypotheek-advies/,https://zpzaken.nl/creditcontrol,301,TRUE,TRUE,FALSE,FALSE
zpzaken.nl/control/financieel/subsidie-check,https://zpzaken.nl/creditcontrol,301,TRUE,TRUE,FALSE,FALSE
zpzaken.nl/control/financieel/subsidie-check/,https://zpzaken.nl/creditcontrol,301,TRUE,TRUE,FALSE,FALSE
zpzaken.nl/control/over-zp-control,https://zpzaken.nl/creditcontrol,301,TRUE,TRUE,FALSE,FALSE
zpzaken.nl/control/over-zp-control/,https://zpzaken.nl/creditcontrol,301,TRUE,TRUE,FALSE,FALSE
zpzaken.nl/control/privacy-statement,https://zpzaken.nl/creditcontrol,301,TRUE,TRUE,FALSE,FALSE
zpzaken.nl/control/privacy-statement/,https://zpzaken.nl/creditcontrol,301,TRUE,TRUE,FALSE,FALSE
zpzaken.nl/control/verzekeringen,https://zpzaken.nl/creditcontrol,301,TRUE,TRUE,FALSE,FALSE
zpzaken.nl/control/verzekeringen/,https://zpzaken.nl/creditcontrol,301,TRUE,TRUE,FALSE,FALSE
zpzaken.nl/control/verzekeringen/bav,https://zpzaken.nl/creditcontrol,301,TRUE,TRUE,FALSE,FALSE
zpzaken.nl/control/verzekeringen/bav/,https://zpzaken.nl/creditcontrol,301,TRUE,TRUE,FALSE,FALSE
zpzaken.nl/cookie-instellingen-1,https://zpzaken.nl/cookies,301,TRUE,TRUE,FALSE,FALSE
zpzaken.nl/cookie-instellingen-1/,https://zpzaken.nl/cookies,301,TRUE,TRUE,FALSE,FALSE
zpzaken.nl/cyber-bedanktpage,https://zpzaken.nl/verzekeringen,301,TRUE,TRUE,FALSE,FALSE
zpzaken.nl/cyber-bedanktpage/,https://zpzaken.nl/verzekeringen,301,TRUE,TRUE,FALSE,FALSE
zpzaken.nl/cyber-verzekering-zzp,https://zpzaken.nl/verzekeringen,301,TRUE,TRUE,FALSE,FALSE
zpzaken.nl/cyber-verzekering-zzp/,https://zpzaken.nl/verzekeringen,301,TRUE,TRUE,FALSE,FALSE
zpzaken.nl/cyberclear-inschrijfformulier,https://zpzaken.nl/verzekeringen,301,TRUE,TRUE,FALSE,FALSE
zpzaken.nl/cyberclear-inschrijfformulier/,https://zpzaken.nl/verzekeringen,301,TRUE,TRUE,FALSE,FALSE
zpzaken.nl/decemberactie,https://zpzaken.nl/verzekeringen,301,TRUE,TRUE,FALSE,FALSE
zpzaken.nl/decemberactie/,https://zpzaken.nl/verzekeringen,301,TRUE,TRUE,FALSE,FALSE
zpzaken.nl/dienstverlening,https://zpzaken.nl/diensten,301,TRUE,TRUE,FALSE,FALSE
zpzaken.nl/dienstverlening/,https://zpzaken.nl/diensten,301,TRUE,TRUE,FALSE,FALSE
zpzaken.nl/een-tip-hoe-je-fiscaal-voordeel-van-2020-kunt-benutten,https://zpzaken.nl/kennisbank/belastingen,301,TRUE,TRUE,FALSE,FALSE
zpzaken.nl/een-tip-hoe-je-fiscaal-voordeel-van-2020-kunt-benutten/,https://zpzaken.nl/kennisbank/belastingen,301,TRUE,TRUE,FALSE,FALSE
zpzaken.nl/en/6-nieuwe-belastingmaatregelen-voor-ondernemers,https://zpzaken.nl/kennisbank/belastingen,301,TRUE,TRUE,FALSE,FALSE
zpzaken.nl/en/6-nieuwe-belastingmaatregelen-voor-ondernemers/,https://zpzaken.nl/kennisbank/belastingen,301,TRUE,TRUE,FALSE,FALSE
zpzaken.nl/en/author/infokasunmedia-nl/page/4,https://zpzaken.nl/over-ons,301,TRUE,TRUE,FALSE,FALSE
zpzaken.nl/en/author/infokasunmedia-nl/page/4/,https://zpzaken.nl/over-ons,301,TRUE,TRUE,FALSE,FALSE
zpzaken.nl/en/beroeps-en-bedrijfsaansprakelijkheidsverzekering,https://zpzaken.nl/verzekeringen,301,TRUE,TRUE,FALSE,FALSE
zpzaken.nl/en/beroeps-en-bedrijfsaansprakelijkheidsverzekering/,https://zpzaken.nl/verzekeringen,301,TRUE,TRUE,FALSE,FALSE
zpzaken.nl/en/category/cyber,https://zpzaken.nl/verzekeringen,301,TRUE,TRUE,FALSE,FALSE
zpzaken.nl/en/category/cyber/,https://zpzaken.nl/verzekeringen,301,TRUE,TRUE,FALSE,FALSE
zpzaken.nl/en/dienstverlening,https://zpzaken.nl/diensten,301,TRUE,TRUE,FALSE,FALSE
zpzaken.nl/en/dienstverlening/,https://zpzaken.nl/diensten,301,TRUE,TRUE,FALSE,FALSE
zpzaken.nl/en/een-tip-hoe-je-fiscaal-voordeel-van-2020-kunt-benutten,https://zpzaken.nl/kennisbank/belastingen,301,TRUE,TRUE,FALSE,FALSE
zpzaken.nl/en/een-tip-hoe-je-fiscaal-voordeel-van-2020-kunt-benutten/,https://zpzaken.nl/kennisbank/belastingen,301,TRUE,TRUE,FALSE,FALSE
zpzaken.nl/en/feed-2,https://zpzaken.nl/kennisbank,301,TRUE,TRUE,FALSE,FALSE
zpzaken.nl/en/feed-2/,https://zpzaken.nl/kennisbank,301,TRUE,TRUE,FALSE,FALSE
zpzaken.nl/en/financien,https://zpzaken.nl/kennisbank,301,TRUE,TRUE,FALSE,FALSE
zpzaken.nl/en/financien/,https://zpzaken.nl/kennisbank,301,TRUE,TRUE,FALSE,FALSE
zpzaken.nl/en/financien/factoring,https://zpzaken.nl/creditcontrol,301,TRUE,TRUE,FALSE,FALSE
zpzaken.nl/en/financien/factoring/,https://zpzaken.nl/creditcontrol,301,TRUE,TRUE,FALSE,FALSE
zpzaken.nl/en/financien/factoring/factorscan,https://zpzaken.nl/creditcontrol,301,TRUE,TRUE,FALSE,FALSE
zpzaken.nl/en/financien/factoring/factorscan/,https://zpzaken.nl/creditcontrol,301,TRUE,TRUE,FALSE,FALSE
zpzaken.nl/en/financien/jaarruimte-berekenen,https://zpzaken.nl/pensioen,301,TRUE,TRUE,FALSE,FALSE
zpzaken.nl/en/financien/jaarruimte-berekenen/,https://zpzaken.nl/pensioen,301,TRUE,TRUE,FALSE,FALSE
zpzaken.nl/en/financien/pensioen-zzp,https://zpzaken.nl/pensioen,301,TRUE,TRUE,FALSE,FALSE
zpzaken.nl/en/financien/pensioen-zzp/,https://zpzaken.nl/pensioen,301,TRUE,TRUE,FALSE,FALSE
zpzaken.nl/en/financien/pensioengat-reserveringsruimte-berekenen,https://zpzaken.nl/pensioen,301,TRUE,TRUE,FALSE,FALSE
zpzaken.nl/en/financien/pensioengat-reserveringsruimte-berekenen/,https://zpzaken.nl/pensioen,301,TRUE,TRUE,FALSE,FALSE
zpzaken.nl/en/financien/subsidie-check,https://zpzaken.nl/kennisbank/financien,301,TRUE,TRUE,FALSE,FALSE
zpzaken.nl/en/financien/subsidie-check/,https://zpzaken.nl/kennisbank/financien,301,TRUE,TRUE,FALSE,FALSE
zpzaken.nl/en/gevaar-voor-cybercriminelen-die-misbruik-maken-van-thuiswerken,https://zpzaken.nl/verzekeringen,301,TRUE,TRUE,FALSE,FALSE
zpzaken.nl/en/gevaar-voor-cybercriminelen-die-misbruik-maken-van-thuiswerken/,https://zpzaken.nl/verzekeringen,301,TRUE,TRUE,FALSE,FALSE
zpzaken.nl/en/hackers-maken-gebruik-van-de-pandemie-hoe-houd-jij-ze-tegen,https://zpzaken.nl/kennisbank,301,TRUE,TRUE,FALSE,FALSE
zpzaken.nl/en/hackers-maken-gebruik-van-de-pandemie-hoe-houd-jij-ze-tegen/,https://zpzaken.nl/kennisbank,301,TRUE,TRUE,FALSE,FALSE
zpzaken.nl/en/je-risicos-in-kaart-brengen-noodzakelijk,https://zpzaken.nl/kennisbank,301,TRUE,TRUE,FALSE,FALSE
zpzaken.nl/en/je-risicos-in-kaart-brengen-noodzakelijk/,https://zpzaken.nl/kennisbank,301,TRUE,TRUE,FALSE,FALSE
zpzaken.nl/en/je-risicos-in-kaart-brengen-noodzakelijk-2,https://zpzaken.nl/kennisbank,301,TRUE,TRUE,FALSE,FALSE
zpzaken.nl/en/je-risicos-in-kaart-brengen-noodzakelijk-2/,https://zpzaken.nl/kennisbank,301,TRUE,TRUE,FALSE,FALSE
zpzaken.nl/en/jouw-vangnet-bij-arbeidsongeschiktheid-al-voor-1-euro-per-dag,https://zpzaken.nl/aov,301,TRUE,TRUE,FALSE,FALSE
zpzaken.nl/en/jouw-vangnet-bij-arbeidsongeschiktheid-al-voor-1-euro-per-dag/,https://zpzaken.nl/aov,301,TRUE,TRUE,FALSE,FALSE
zpzaken.nl/en/juridisch,https://zpzaken.nl/kennisbank/wet-en-regelgeving,301,TRUE,TRUE,FALSE,FALSE
zpzaken.nl/en/juridisch/,https://zpzaken.nl/kennisbank/wet-en-regelgeving,301,TRUE,TRUE,FALSE,FALSE
zpzaken.nl/en/juridisch/adviesdesk-zzp,https://zpzaken.nl/kennisbank/wet-en-regelgeving,301,TRUE,TRUE,FALSE,FALSE
zpzaken.nl/en/juridisch/adviesdesk-zzp/,https://zpzaken.nl/kennisbank/wet-en-regelgeving,301,TRUE,TRUE,FALSE,FALSE
zpzaken.nl/en/juridisch/documenten-selfservice-das,https://zpzaken.nl/kennisbank/wet-en-regelgeving,301,TRUE,TRUE,FALSE,FALSE
zpzaken.nl/en/juridisch/documenten-selfservice-das/,https://zpzaken.nl/kennisbank/wet-en-regelgeving,301,TRUE,TRUE,FALSE,FALSE
zpzaken.nl/en/juridisch/gevolgrecht-zzp,https://zpzaken.nl/kennisbank/wet-en-regelgeving,301,TRUE,TRUE,FALSE,FALSE
zpzaken.nl/en/juridisch/gevolgrecht-zzp/,https://zpzaken.nl/kennisbank/wet-en-regelgeving,301,TRUE,TRUE,FALSE,FALSE
zpzaken.nl/en/lidmaatschap,https://zpzaken.nl/collectieve-inkoop,301,TRUE,TRUE,FALSE,FALSE
zpzaken.nl/en/lidmaatschap/,https://zpzaken.nl/collectieve-inkoop,301,TRUE,TRUE,FALSE,FALSE
zpzaken.nl/en/losgeldverbod-voor-ransomware-wordt-onderzocht,https://zpzaken.nl/kennisbank,301,TRUE,TRUE,FALSE,FALSE
zpzaken.nl/en/losgeldverbod-voor-ransomware-wordt-onderzocht/,https://zpzaken.nl/kennisbank,301,TRUE,TRUE,FALSE,FALSE
zpzaken.nl/en/metform-form/new-form-1618404580,https://zpzaken.nl/en,301,TRUE,TRUE,FALSE,FALSE
zpzaken.nl/en/metform-form/new-form-1618404580/,https://zpzaken.nl/en,301,TRUE,TRUE,FALSE,FALSE
zpzaken.nl/en/metform-form/subsidiecheck,https://zpzaken.nl/en,301,TRUE,TRUE,FALSE,FALSE
zpzaken.nl/en/metform-form/subsidiecheck/,https://zpzaken.nl/en,301,TRUE,TRUE,FALSE,FALSE
zpzaken.nl/en/mobiliteitskaart-zzp,https://zpzaken.nl/kennisbank/belastingen,301,TRUE,TRUE,FALSE,FALSE
zpzaken.nl/en/mobiliteitskaart-zzp/,https://zpzaken.nl/kennisbank/belastingen,301,TRUE,TRUE,FALSE,FALSE
zpzaken.nl/en/nieuws,https://zpzaken.nl/kennisbank,301,TRUE,TRUE,FALSE,FALSE
zpzaken.nl/en/nieuws/,https://zpzaken.nl/kennisbank,301,TRUE,TRUE,FALSE,FALSE
zpzaken.nl/en/nk-golftoernooi-voor-zpers-2020-geannuleerd,https://zpzaken.nl/,301,TRUE,TRUE,FALSE,FALSE
zpzaken.nl/en/nk-golftoernooi-voor-zpers-2020-geannuleerd/,https://zpzaken.nl/,301,TRUE,TRUE,FALSE,FALSE
zpzaken.nl/en/nooit-meer-bonnetjes-bewaren,https://zpzaken.nl/kennisbank/financien,301,TRUE,TRUE,FALSE,FALSE
zpzaken.nl/en/nooit-meer-bonnetjes-bewaren/,https://zpzaken.nl/kennisbank/financien,301,TRUE,TRUE,FALSE,FALSE
zpzaken.nl/en/oeps,https://zpzaken.nl/en,301,TRUE,TRUE,FALSE,FALSE
zpzaken.nl/en/oeps/,https://zpzaken.nl/en,301,TRUE,TRUE,FALSE,FALSE
zpzaken.nl/en/partners/between-staffing,https://zpzaken.nl/partners,301,TRUE,TRUE,FALSE,FALSE
zpzaken.nl/en/partners/between-staffing/,https://zpzaken.nl/partners,301,TRUE,TRUE,FALSE,FALSE
zpzaken.nl/en/partners/headfirst,https://zpzaken.nl/partners,301,TRUE,TRUE,FALSE,FALSE
zpzaken.nl/en/partners/headfirst/,https://zpzaken.nl/partners,301,TRUE,TRUE,FALSE,FALSE
zpzaken.nl/en/partners/staffing-ms,https://zpzaken.nl/partners,301,TRUE,TRUE,FALSE,FALSE
zpzaken.nl/en/partners/staffing-ms/,https://zpzaken.nl/partners,301,TRUE,TRUE,FALSE,FALSE
zpzaken.nl/en/prinsjesdag-2020-wat-betekent-dit-voor-jou-als-zper,https://zpzaken.nl/kennisbank/belastingen,301,TRUE,TRUE,FALSE,FALSE
zpzaken.nl/en/prinsjesdag-2020-wat-betekent-dit-voor-jou-als-zper/,https://zpzaken.nl/kennisbank/belastingen,301,TRUE,TRUE,FALSE,FALSE
zpzaken.nl/en/product/beroeps-en-bedrijfsaansprakelijkheidsverzekering,https://zpzaken.nl/verzekeringen,301,TRUE,TRUE,FALSE,FALSE
zpzaken.nl/en/product/beroeps-en-bedrijfsaansprakelijkheidsverzekering/,https://zpzaken.nl/verzekeringen,301,TRUE,TRUE,FALSE,FALSE
zpzaken.nl/en/slimme-manieren-om-je-pensioen-te-regelen-als-zzper,https://zpzaken.nl/pensioen,301,TRUE,TRUE,FALSE,FALSE
zpzaken.nl/en/slimme-manieren-om-je-pensioen-te-regelen-als-zzper/,https://zpzaken.nl/pensioen,301,TRUE,TRUE,FALSE,FALSE
zpzaken.nl/en/subsidie-voor-zpers,https://zpzaken.nl/kennisbank/financien,301,TRUE,TRUE,FALSE,FALSE
zpzaken.nl/en/subsidie-voor-zpers/,https://zpzaken.nl/kennisbank/financien,301,TRUE,TRUE,FALSE,FALSE
zpzaken.nl/en/tegemoetkoming-vaste-lasten-mkb-tvl-vanaf-nu-aan-te-vragen,https://zpzaken.nl/kennisbank,301,TRUE,TRUE,FALSE,FALSE
zpzaken.nl/en/tegemoetkoming-vaste-lasten-mkb-tvl-vanaf-nu-aan-te-vragen/,https://zpzaken.nl/kennisbank,301,TRUE,TRUE,FALSE,FALSE
zpzaken.nl/en/tweede-voortgangsbrief-kabinet-vervanging-wet-dba-nogmaals-uitgesteld,https://zpzaken.nl/kennisbank/wet-en-regelgeving,301,TRUE,TRUE,FALSE,FALSE
zpzaken.nl/en/tweede-voortgangsbrief-kabinet-vervanging-wet-dba-nogmaals-uitgesteld/,https://zpzaken.nl/kennisbank/wet-en-regelgeving,301,TRUE,TRUE,FALSE,FALSE
zpzaken.nl/en/verzekeringen/arbeidsongeschiktheid-zzp,https://zpzaken.nl/aov,301,TRUE,TRUE,FALSE,FALSE
zpzaken.nl/en/verzekeringen/arbeidsongeschiktheid-zzp/,https://zpzaken.nl/aov,301,TRUE,TRUE,FALSE,FALSE
zpzaken.nl/en/verzekeringen/arbeidsongeschiktheid-zzp/centraalbeheer,https://zpzaken.nl/aov,301,TRUE,TRUE,FALSE,FALSE
zpzaken.nl/en/verzekeringen/arbeidsongeschiktheid-zzp/centraalbeheer/,https://zpzaken.nl/aov,301,TRUE,TRUE,FALSE,FALSE
zpzaken.nl/en/verzekeringen/arbeidsongeschiktheid-zzp/sharepeople,https://zpzaken.nl/aov,301,TRUE,TRUE,FALSE,FALSE
zpzaken.nl/en/verzekeringen/arbeidsongeschiktheid-zzp/sharepeople/,https://zpzaken.nl/aov,301,TRUE,TRUE,FALSE,FALSE
zpzaken.nl/en/verzekeringen/beroeps-en-bedrijfsaansprakelijkheidsverzekering,https://zpzaken.nl/verzekeringen,301,TRUE,TRUE,FALSE,FALSE
zpzaken.nl/en/verzekeringen/beroeps-en-bedrijfsaansprakelijkheidsverzekering/,https://zpzaken.nl/verzekeringen,301,TRUE,TRUE,FALSE,FALSE
zpzaken.nl/en/verzekeringen/beroeps-en-bedrijfsaansprakelijkheidsverzekering/actie-bedankt,https://zpzaken.nl/verzekeringen,301,TRUE,TRUE,FALSE,FALSE
zpzaken.nl/en/verzekeringen/beroeps-en-bedrijfsaansprakelijkheidsverzekering/actie-bedankt/,https://zpzaken.nl/verzekeringen,301,TRUE,TRUE,FALSE,FALSE
zpzaken.nl/en/verzekeringen/beroeps-en-bedrijfsaansprakelijkheidsverzekering/bedankt,https://zpzaken.nl/verzekeringen,301,TRUE,TRUE,FALSE,FALSE
zpzaken.nl/en/verzekeringen/beroeps-en-bedrijfsaansprakelijkheidsverzekering/bedankt/,https://zpzaken.nl/verzekeringen,301,TRUE,TRUE,FALSE,FALSE
zpzaken.nl/en/verzekeringen/beroeps-en-bedrijfsaansprakelijkheidsverzekering/hrm-actie,https://zpzaken.nl/verzekeringen,301,TRUE,TRUE,FALSE,FALSE
zpzaken.nl/en/verzekeringen/beroeps-en-bedrijfsaansprakelijkheidsverzekering/hrm-actie/,https://zpzaken.nl/verzekeringen,301,TRUE,TRUE,FALSE,FALSE
zpzaken.nl/en/verzekeringen/beroeps-en-bedrijfsaansprakelijkheidsverzekering/it-actie,https://zpzaken.nl/verzekeringen,301,TRUE,TRUE,FALSE,FALSE
zpzaken.nl/en/verzekeringen/beroeps-en-bedrijfsaansprakelijkheidsverzekering/it-actie/,https://zpzaken.nl/verzekeringen,301,TRUE,TRUE,FALSE,FALSE
zpzaken.nl/en/verzekeringen/beroeps-en-bedrijfsaansprakelijkheidsverzekering/marketing-actie,https://zpzaken.nl/verzekeringen,301,TRUE,TRUE,FALSE,FALSE
zpzaken.nl/en/verzekeringen/beroeps-en-bedrijfsaansprakelijkheidsverzekering/marketing-actie/,https://zpzaken.nl/verzekeringen,301,TRUE,TRUE,FALSE,FALSE
zpzaken.nl/en/verzekeringen/beroeps-en-bedrijfsaansprakelijkheidsverzekering/overall-actie,https://zpzaken.nl/verzekeringen,301,TRUE,TRUE,FALSE,FALSE
zpzaken.nl/en/verzekeringen/beroeps-en-bedrijfsaansprakelijkheidsverzekering/overall-actie/,https://zpzaken.nl/verzekeringen,301,TRUE,TRUE,FALSE,FALSE
zpzaken.nl/en/verzekeringen/collectieve-zorgverzekering,https://zpzaken.nl/zorgverzekering,301,TRUE,TRUE,FALSE,FALSE
zpzaken.nl/en/verzekeringen/collectieve-zorgverzekering/,https://zpzaken.nl/zorgverzekering,301,TRUE,TRUE,FALSE,FALSE
zpzaken.nl/en/verzekeringen/cyber-clear-verzekering,https://zpzaken.nl/verzekeringen,301,TRUE,TRUE,FALSE,FALSE
zpzaken.nl/en/verzekeringen/cyber-clear-verzekering/,https://zpzaken.nl/verzekeringen,301,TRUE,TRUE,FALSE,FALSE
zpzaken.nl/en/verzekeringen/cyber-clear-verzekering/bedankt,https://zpzaken.nl/verzekeringen,301,TRUE,TRUE,FALSE,FALSE
zpzaken.nl/en/verzekeringen/cyber-clear-verzekering/bedankt/,https://zpzaken.nl/verzekeringen,301,TRUE,TRUE,FALSE,FALSE
zpzaken.nl/en/woningmarkt-voor-zzpers-op-slot,https://zpzaken.nl/kennisbank,301,TRUE,TRUE,FALSE,FALSE
zpzaken.nl/en/woningmarkt-voor-zzpers-op-slot/,https://zpzaken.nl/kennisbank,301,TRUE,TRUE,FALSE,FALSE
zpzaken.nl/en/zp-academy,https://zpzaken.nl/over-ons,301,TRUE,TRUE,FALSE,FALSE
zpzaken.nl/en/zp-academy/,https://zpzaken.nl/over-ons,301,TRUE,TRUE,FALSE,FALSE
zpzaken.nl/en/zp-golf,https://zpzaken.nl/,301,TRUE,TRUE,FALSE,FALSE
zpzaken.nl/en/zp-golf/,https://zpzaken.nl/,301,TRUE,TRUE,FALSE,FALSE
zpzaken.nl/en/zp-zaken,https://zpzaken.nl/kennisbank/bedrijfsaansprakelijkheidsverzekering-zzp,301,TRUE,TRUE,FALSE,FALSE
zpzaken.nl/en/zp-zaken/,https://zpzaken.nl/kennisbank/bedrijfsaansprakelijkheidsverzekering-zzp,301,TRUE,TRUE,FALSE,FALSE
zpzaken.nl/en/zzper-reist-drie-keer-zo-ver-als-gemiddelde-nederlander,https://zpzaken.nl/kennisbank,301,TRUE,TRUE,FALSE,FALSE
zpzaken.nl/en/zzper-reist-drie-keer-zo-ver-als-gemiddelde-nederlander/,https://zpzaken.nl/kennisbank,301,TRUE,TRUE,FALSE,FALSE
zpzaken.nl/factorscan,https://zpzaken.nl/creditcontrol,301,TRUE,TRUE,FALSE,FALSE
zpzaken.nl/factorscan/,https://zpzaken.nl/creditcontrol,301,TRUE,TRUE,FALSE,FALSE
zpzaken.nl/facts,https://zpzaken.nl/,301,TRUE,TRUE,FALSE,FALSE
zpzaken.nl/facts/,https://zpzaken.nl/,301,TRUE,TRUE,FALSE,FALSE
zpzaken.nl/facts/contact,https://zpzaken.nl/contact,301,TRUE,TRUE,FALSE,FALSE
zpzaken.nl/facts/contact/,https://zpzaken.nl/contact,301,TRUE,TRUE,FALSE,FALSE
zpzaken.nl/facts/edities,https://zpzaken.nl/,301,TRUE,TRUE,FALSE,FALSE
zpzaken.nl/facts/edities/,https://zpzaken.nl/,301,TRUE,TRUE,FALSE,FALSE
zpzaken.nl/facts/faq,https://zpzaken.nl/faq,301,TRUE,TRUE,FALSE,FALSE
zpzaken.nl/facts/faq/,https://zpzaken.nl/faq,301,TRUE,TRUE,FALSE,FALSE
zpzaken.nl/facts/pers,https://zpzaken.nl/,301,TRUE,TRUE,FALSE,FALSE
zpzaken.nl/facts/pers/,https://zpzaken.nl/,301,TRUE,TRUE,FALSE,FALSE
zpzaken.nl/facts/privacy-statement,https://zpzaken.nl/cookies,301,TRUE,TRUE,FALSE,FALSE
zpzaken.nl/facts/privacy-statement/,https://zpzaken.nl/cookies,301,TRUE,TRUE,FALSE,FALSE
zpzaken.nl/feed-2,https://zpzaken.nl/kennisbank,301,TRUE,TRUE,FALSE,FALSE
zpzaken.nl/feed-2/,https://zpzaken.nl/kennisbank,301,TRUE,TRUE,FALSE,FALSE
zpzaken.nl/fijne-feestdagen,https://zpzaken.nl/,301,TRUE,TRUE,FALSE,FALSE
zpzaken.nl/fijne-feestdagen/,https://zpzaken.nl/,301,TRUE,TRUE,FALSE,FALSE
zpzaken.nl/financieel-advies-zzp,https://zpzaken.nl/kennisbank/financien,301,TRUE,TRUE,FALSE,FALSE
zpzaken.nl/financieel-advies-zzp/,https://zpzaken.nl/kennisbank/financien,301,TRUE,TRUE,FALSE,FALSE
zpzaken.nl/financieleanalyse,https://zpzaken.nl/kennisbank/financien,301,TRUE,TRUE,FALSE,FALSE
zpzaken.nl/financieleanalyse/,https://zpzaken.nl/kennisbank/financien,301,TRUE,TRUE,FALSE,FALSE
zpzaken.nl/financien/factoring,https://zpzaken.nl/creditcontrol,301,TRUE,TRUE,FALSE,FALSE
zpzaken.nl/financien/factoring/,https://zpzaken.nl/creditcontrol,301,TRUE,TRUE,FALSE,FALSE
zpzaken.nl/financien/factoring/factorscan,https://zpzaken.nl/creditcontrol,301,TRUE,TRUE,FALSE,FALSE
zpzaken.nl/financien/factoring/factorscan/,https://zpzaken.nl/creditcontrol,301,TRUE,TRUE,FALSE,FALSE
zpzaken.nl/financien/pensioen-zzp,https://zpzaken.nl/pensioen,301,TRUE,TRUE,FALSE,FALSE
zpzaken.nl/financien/pensioen-zzp/,https://zpzaken.nl/pensioen,301,TRUE,TRUE,FALSE,FALSE
zpzaken.nl/financien/subsidie-check,https://zpzaken.nl/kennisbank/financien,301,TRUE,TRUE,FALSE,FALSE
zpzaken.nl/financien/subsidie-check/,https://zpzaken.nl/kennisbank/financien,301,TRUE,TRUE,FALSE,FALSE
zpzaken.nl/gevaar-voor-cybercriminelen-die-misbruik-maken-van-thuiswerken,https://zpzaken.nl/verzekeringen,301,TRUE,TRUE,FALSE,FALSE
zpzaken.nl/gevaar-voor-cybercriminelen-die-misbruik-maken-van-thuiswerken/,https://zpzaken.nl/verzekeringen,301,TRUE,TRUE,FALSE,FALSE
zpzaken.nl/gevolgrecht,https://zpzaken.nl/kennisbank/wet-en-regelgeving,301,TRUE,TRUE,FALSE,FALSE
zpzaken.nl/gevolgrecht/,https://zpzaken.nl/kennisbank/wet-en-regelgeving,301,TRUE,TRUE,FALSE,FALSE
zpzaken.nl/go/beroepsaansprakelijkheid-voorwaarden-kantoorrisico,https://zpzaken.nl/documenten#verzekeringsvoorwaarden,301,TRUE,TRUE,FALSE,FALSE
zpzaken.nl/go/beroepsaansprakelijkheid-voorwaarden-kantoorrisico/,https://zpzaken.nl/documenten#verzekeringsvoorwaarden,301,TRUE,TRUE,FALSE,FALSE
zpzaken.nl/go/coaches-verzekeringskaart-beroepsaansprakelijkheid,https://zpzaken.nl/documenten#verzekeringsvoorwaarden,301,TRUE,TRUE,FALSE,FALSE
zpzaken.nl/go/coaches-verzekeringskaart-beroepsaansprakelijkheid/,https://zpzaken.nl/documenten#verzekeringsvoorwaarden,301,TRUE,TRUE,FALSE,FALSE
zpzaken.nl/go/overige-zakelijke-dienstverlening-polisvoorwaarden-beroepsaansprakelijkheid,https://zpzaken.nl/documenten#verzekeringsvoorwaarden,301,TRUE,TRUE,FALSE,FALSE
zpzaken.nl/go/overige-zakelijke-dienstverlening-polisvoorwaarden-beroepsaansprakelijkheid/,https://zpzaken.nl/documenten#verzekeringsvoorwaarden,301,TRUE,TRUE,FALSE,FALSE
zpzaken.nl/golf,https://zpzaken.nl/,301,TRUE,TRUE,FALSE,FALSE
zpzaken.nl/golf/,https://zpzaken.nl/,301,TRUE,TRUE,FALSE,FALSE
zpzaken.nl/golf/nk,https://zpzaken.nl/,301,TRUE,TRUE,FALSE,FALSE
zpzaken.nl/golf/nk/,https://zpzaken.nl/,301,TRUE,TRUE,FALSE,FALSE
zpzaken.nl/hackers-maken-gebruik-van-de-pandemie-hoe-houd-jij-ze-tegen,https://zpzaken.nl/kennisbank,301,TRUE,TRUE,FALSE,FALSE
zpzaken.nl/hackers-maken-gebruik-van-de-pandemie-hoe-houd-jij-ze-tegen/,https://zpzaken.nl/kennisbank,301,TRUE,TRUE,FALSE,FALSE
zpzaken.nl/headfirst,https://zpzaken.nl/partners,301,TRUE,TRUE,FALSE,FALSE
zpzaken.nl/headfirst/,https://zpzaken.nl/partners,301,TRUE,TRUE,FALSE,FALSE
zpzaken.nl/headfirst-bav,https://zpzaken.nl/partners,301,TRUE,TRUE,FALSE,FALSE
zpzaken.nl/headfirst-bav/,https://zpzaken.nl/partners,301,TRUE,TRUE,FALSE,FALSE
zpzaken.nl/headfirst-bav-bedanktpage,https://zpzaken.nl/partners,301,TRUE,TRUE,FALSE,FALSE
zpzaken.nl/headfirst-bav-bedanktpage/,https://zpzaken.nl/partners,301,TRUE,TRUE,FALSE,FALSE
zpzaken.nl/headfirst-bav-inschrijfform,https://zpzaken.nl/partners,301,TRUE,TRUE,FALSE,FALSE
zpzaken.nl/headfirst-bav-inschrijfform/,https://zpzaken.nl/partners,301,TRUE,TRUE,FALSE,FALSE
zpzaken.nl/het-nk-golftoernooi-voor-zpers-2019-burggolf-de-haverleij,https://zpzaken.nl/,301,TRUE,TRUE,FALSE,FALSE
zpzaken.nl/het-nk-golftoernooi-voor-zpers-2019-burggolf-de-haverleij/,https://zpzaken.nl/,301,TRUE,TRUE,FALSE,FALSE
zpzaken.nl/home/nieuws,https://zpzaken.nl/kennisbank,301,TRUE,TRUE,FALSE,FALSE
zpzaken.nl/home/nieuws/,https://zpzaken.nl/kennisbank,301,TRUE,TRUE,FALSE,FALSE
zpzaken.nl/ict-brochure-beroepsaansprakelijkheid,https://zpzaken.nl/documenten#verzekeringsvoorwaarden,301,TRUE,TRUE,FALSE,FALSE
zpzaken.nl/ict-brochure-beroepsaansprakelijkheid/,https://zpzaken.nl/documenten#verzekeringsvoorwaarden,301,TRUE,TRUE,FALSE,FALSE
zpzaken.nl/ict-polisvoorwaarden-beroepsaansprakelijkheid,https://zpzaken.nl/documenten#verzekeringsvoorwaarden,301,TRUE,TRUE,FALSE,FALSE
zpzaken.nl/ict-polisvoorwaarden-beroepsaansprakelijkheid/,https://zpzaken.nl/documenten#verzekeringsvoorwaarden,301,TRUE,TRUE,FALSE,FALSE
zpzaken.nl/infographic-wie-is-de-zper-in-de-zakelijke-dienstverlening,https://zpzaken.nl/diensten,301,TRUE,TRUE,FALSE,FALSE
zpzaken.nl/infographic-wie-is-de-zper-in-de-zakelijke-dienstverlening/,https://zpzaken.nl/diensten,301,TRUE,TRUE,FALSE,FALSE
zpzaken.nl/inschrijfformulier-bav,https://zpzaken.nl/verzekeringen,301,TRUE,TRUE,FALSE,FALSE
zpzaken.nl/inschrijfformulier-bav/,https://zpzaken.nl/verzekeringen,301,TRUE,TRUE,FALSE,FALSE
zpzaken.nl/inschrijven,https://zpzaken.nl/,301,TRUE,TRUE,FALSE,FALSE
zpzaken.nl/inschrijven/,https://zpzaken.nl/,301,TRUE,TRUE,FALSE,FALSE
zpzaken.nl/je-risicos-in-kaart-brengen-noodzakelijk,https://zpzaken.nl/kennisbank,301,TRUE,TRUE,FALSE,FALSE
zpzaken.nl/je-risicos-in-kaart-brengen-noodzakelijk/,https://zpzaken.nl/kennisbank,301,TRUE,TRUE,FALSE,FALSE
zpzaken.nl/je-risicos-in-kaart-brengen-noodzakelijk-2,https://zpzaken.nl/kennisbank,301,TRUE,TRUE,FALSE,FALSE
zpzaken.nl/je-risicos-in-kaart-brengen-noodzakelijk-2/,https://zpzaken.nl/kennisbank,301,TRUE,TRUE,FALSE,FALSE
zpzaken.nl/jouw-vangnet-bij-arbeidsongeschiktheid-al-voor-1-euro-per-dag,https://zpzaken.nl/aov,301,TRUE,TRUE,FALSE,FALSE
zpzaken.nl/jouw-vangnet-bij-arbeidsongeschiktheid-al-voor-1-euro-per-dag/,https://zpzaken.nl/aov,301,TRUE,TRUE,FALSE,FALSE
zpzaken.nl/juridisch,https://zpzaken.nl/kennisbank/wet-en-regelgeving,301,TRUE,TRUE,FALSE,FALSE
zpzaken.nl/juridisch/,https://zpzaken.nl/kennisbank/wet-en-regelgeving,301,TRUE,TRUE,FALSE,FALSE
zpzaken.nl/juridisch/adviesdesk-zzp,https://zpzaken.nl/kennisbank/wet-en-regelgeving,301,TRUE,TRUE,FALSE,FALSE
zpzaken.nl/juridisch/adviesdesk-zzp/,https://zpzaken.nl/kennisbank/wet-en-regelgeving,301,TRUE,TRUE,FALSE,FALSE
zpzaken.nl/juridisch/gevolgrecht-zzp,https://zpzaken.nl/kennisbank/wet-en-regelgeving,301,TRUE,TRUE,FALSE,FALSE
zpzaken.nl/juridisch/gevolgrecht-zzp/,https://zpzaken.nl/kennisbank/wet-en-regelgeving,301,TRUE,TRUE,FALSE,FALSE
zpzaken.nl/juridischadvies,https://zpzaken.nl/kennisbank/wet-en-regelgeving,301,TRUE,TRUE,FALSE,FALSE
zpzaken.nl/juridischadvies/,https://zpzaken.nl/kennisbank/wet-en-regelgeving,301,TRUE,TRUE,FALSE,FALSE
zpzaken.nl/kopie-van-financieel-pensioen,https://zpzaken.nl/pensioen,301,TRUE,TRUE,FALSE,FALSE
zpzaken.nl/kopie-van-financieel-pensioen/,https://zpzaken.nl/pensioen,301,TRUE,TRUE,FALSE,FALSE
zpzaken.nl/kopie-van-nk-golf-inschrijfformulie,https://zpzaken.nl/verzekeringen,301,TRUE,TRUE,FALSE,FALSE
zpzaken.nl/kopie-van-nk-golf-inschrijfformulie/,https://zpzaken.nl/verzekeringen,301,TRUE,TRUE,FALSE,FALSE
zpzaken.nl/kopie-van-nk-golf-inschrijfformulie-1,https://zpzaken.nl/verzekeringen,301,TRUE,TRUE,FALSE,FALSE
zpzaken.nl/kopie-van-nk-golf-inschrijfformulie-1/,https://zpzaken.nl/verzekeringen,301,TRUE,TRUE,FALSE,FALSE
zpzaken.nl/lidmaatschap,https://zpzaken.nl/collectieve-inkoop,301,TRUE,TRUE,FALSE,FALSE
zpzaken.nl/lidmaatschap/,https://zpzaken.nl/collectieve-inkoop,301,TRUE,TRUE,FALSE,FALSE
zpzaken.nl/lidmaatschappen,https://zpzaken.nl/collectieve-inkoop,301,TRUE,TRUE,FALSE,FALSE
zpzaken.nl/lidmaatschappen/,https://zpzaken.nl/collectieve-inkoop,301,TRUE,TRUE,FALSE,FALSE
zpzaken.nl/losgeldverbod-voor-ransomware-wordt-onderzocht,https://zpzaken.nl/kennisbank,301,TRUE,TRUE,FALSE,FALSE
zpzaken.nl/losgeldverbod-voor-ransomware-wordt-onderzocht/,https://zpzaken.nl/kennisbank,301,TRUE,TRUE,FALSE,FALSE
zpzaken.nl/management-consultancy-brochure-beroepsaansprakelijkheid,https://zpzaken.nl/documenten#verzekeringsvoorwaarden,301,TRUE,TRUE,FALSE,FALSE
zpzaken.nl/management-consultancy-brochure-beroepsaansprakelijkheid/,https://zpzaken.nl/documenten#verzekeringsvoorwaarden,301,TRUE,TRUE,FALSE,FALSE
zpzaken.nl/management-consultancy-verzekeringskaart-beroepsaansprakelijkheid,https://zpzaken.nl/documenten#verzekeringsvoorwaarden,301,TRUE,TRUE,FALSE,FALSE
zpzaken.nl/management-consultancy-verzekeringskaart-beroepsaansprakelijkheid/,https://zpzaken.nl/documenten#verzekeringsvoorwaarden,301,TRUE,TRUE,FALSE,FALSE
zpzaken.nl/meerwerk-zo-voorkom-je-een-discussie,https://zpzaken.nl/kennisbank,301,TRUE,TRUE,FALSE,FALSE
zpzaken.nl/meerwerk-zo-voorkom-je-een-discussie/,https://zpzaken.nl/kennisbank,301,TRUE,TRUE,FALSE,FALSE
zpzaken.nl/mils-onderzoek,https://zpzaken.nl/mentale-gezondheid,301,TRUE,TRUE,FALSE,FALSE
zpzaken.nl/mils-onderzoek/,https://zpzaken.nl/mentale-gezondheid,301,TRUE,TRUE,FALSE,FALSE
zpzaken.nl/milsonderzoek-inschrijven,https://zpzaken.nl/mentale-gezondheid,301,TRUE,TRUE,FALSE,FALSE
zpzaken.nl/milsonderzoek-inschrijven/,https://zpzaken.nl/mentale-gezondheid,301,TRUE,TRUE,FALSE,FALSE
zpzaken.nl/mobiliteitskaart,https://zpzaken.nl/kennisbank/belastingen,301,TRUE,TRUE,FALSE,FALSE
zpzaken.nl/mobiliteitskaart/,https://zpzaken.nl/kennisbank/belastingen,301,TRUE,TRUE,FALSE,FALSE
zpzaken.nl/mobiliteitskaart-zzp,https://zpzaken.nl/kennisbank/belastingen,301,TRUE,TRUE,FALSE,FALSE
zpzaken.nl/mobiliteitskaart-zzp/,https://zpzaken.nl/kennisbank/belastingen,301,TRUE,TRUE,FALSE,FALSE
zpzaken.nl/movir-coming-soon,https://zpzaken.nl/aov,301,TRUE,TRUE,FALSE,FALSE
zpzaken.nl/movir-coming-soon/,https://zpzaken.nl/aov,301,TRUE,TRUE,FALSE,FALSE
zpzaken.nl/nieuws/categories/arbeidsongeschiktheid,https://zpzaken.nl/aov,301,TRUE,TRUE,FALSE,FALSE
zpzaken.nl/nieuws/categories/arbeidsongeschiktheid/,https://zpzaken.nl/aov,301,TRUE,TRUE,FALSE,FALSE
zpzaken.nl/nieuws/categories/bav,https://zpzaken.nl/verzekeringen,301,TRUE,TRUE,FALSE,FALSE
zpzaken.nl/nieuws/categories/bav/,https://zpzaken.nl/verzekeringen,301,TRUE,TRUE,FALSE,FALSE
zpzaken.nl/nieuws/categories/coronacrisis,https://zpzaken.nl/kennisbank,301,TRUE,TRUE,FALSE,FALSE
zpzaken.nl/nieuws/categories/coronacrisis/,https://zpzaken.nl/kennisbank,301,TRUE,TRUE,FALSE,FALSE
zpzaken.nl/nieuws/categories/cybercrime,https://zpzaken.nl/verzekeringen,301,TRUE,TRUE,FALSE,FALSE
zpzaken.nl/nieuws/categories/cybercrime/,https://zpzaken.nl/verzekeringen,301,TRUE,TRUE,FALSE,FALSE
zpzaken.nl/nieuws/categories/financieel,https://zpzaken.nl/kennisbank/financien,301,TRUE,TRUE,FALSE,FALSE
zpzaken.nl/nieuws/categories/financieel/,https://zpzaken.nl/kennisbank/financien,301,TRUE,TRUE,FALSE,FALSE
zpzaken.nl/nieuws/categories/partner,https://zpzaken.nl/partners,301,TRUE,TRUE,FALSE,FALSE
zpzaken.nl/nieuws/categories/partner/,https://zpzaken.nl/partners,301,TRUE,TRUE,FALSE,FALSE
zpzaken.nl/nieuws/categories/pensioen,https://zpzaken.nl/pensioen,301,TRUE,TRUE,FALSE,FALSE
zpzaken.nl/nieuws/categories/pensioen/,https://zpzaken.nl/pensioen,301,TRUE,TRUE,FALSE,FALSE
zpzaken.nl/nieuws/categories/zorgverzekering,https://zpzaken.nl/zorgverzekering,301,TRUE,TRUE,FALSE,FALSE
zpzaken.nl/nieuws/categories/zorgverzekering/,https://zpzaken.nl/zorgverzekering,301,TRUE,TRUE,FALSE,FALSE
zpzaken.nl/nieuws/categories/zzp,https://zpzaken.nl/kennisbank/ondernemen,301,TRUE,TRUE,FALSE,FALSE
zpzaken.nl/nieuws/categories/zzp/,https://zpzaken.nl/kennisbank/ondernemen,301,TRUE,TRUE,FALSE,FALSE
zpzaken.nl/nieuws/page/2,https://zpzaken.nl/kennisbank,301,TRUE,TRUE,FALSE,FALSE
zpzaken.nl/nieuws/page/2/,https://zpzaken.nl/kennisbank,301,TRUE,TRUE,FALSE,FALSE
zpzaken.nl/nieuws/page/3,https://zpzaken.nl/kennisbank,301,TRUE,TRUE,FALSE,FALSE
zpzaken.nl/nieuws/page/3/,https://zpzaken.nl/kennisbank,301,TRUE,TRUE,FALSE,FALSE
zpzaken.nl/nieuws/page/4,https://zpzaken.nl/kennisbank,301,TRUE,TRUE,FALSE,FALSE
zpzaken.nl/nieuws/page/4/,https://zpzaken.nl/kennisbank,301,TRUE,TRUE,FALSE,FALSE
zpzaken.nl/nieuws/page/5,https://zpzaken.nl/kennisbank,301,TRUE,TRUE,FALSE,FALSE
zpzaken.nl/nieuws/page/5/,https://zpzaken.nl/kennisbank,301,TRUE,TRUE,FALSE,FALSE
zpzaken.nl/nieuws/page/6,https://zpzaken.nl/kennisbank,301,TRUE,TRUE,FALSE,FALSE
zpzaken.nl/nieuws/page/6/,https://zpzaken.nl/kennisbank,301,TRUE,TRUE,FALSE,FALSE
zpzaken.nl/nieuws/tags/aov,https://zpzaken.nl/aov,301,TRUE,TRUE,FALSE,FALSE
zpzaken.nl/nieuws/tags/aov/,https://zpzaken.nl/aov,301,TRUE,TRUE,FALSE,FALSE
zpzaken.nl/nieuws/tags/ondernemen,https://zpzaken.nl/kennisbank/ondernemen,301,TRUE,TRUE,FALSE,FALSE
zpzaken.nl/nieuws/tags/ondernemen/,https://zpzaken.nl/kennisbank/ondernemen,301,TRUE,TRUE,FALSE,FALSE
zpzaken.nl/nieuws/tags/partner,https://zpzaken.nl/partners,301,TRUE,TRUE,FALSE,FALSE
zpzaken.nl/nieuws/tags/partner/,https://zpzaken.nl/partners,301,TRUE,TRUE,FALSE,FALSE
zpzaken.nl/nieuws/tags/zzp,https://zpzaken.nl/kennisbank/ondernemen,301,TRUE,TRUE,FALSE,FALSE
zpzaken.nl/nieuws/tags/zzp/,https://zpzaken.nl/kennisbank/ondernemen,301,TRUE,TRUE,FALSE,FALSE
zpzaken.nl/nk-golf-inschrijfformulier,https://zpzaken.nl/verzekeringen,301,TRUE,TRUE,FALSE,FALSE
zpzaken.nl/nk-golf-inschrijfformulier/,https://zpzaken.nl/verzekeringen,301,TRUE,TRUE,FALSE,FALSE
zpzaken.nl/nk-golf-voor-zpers-2018-de-aftermovie,https://zpzaken.nl/,301,TRUE,TRUE,FALSE,FALSE
zpzaken.nl/nk-golf-voor-zpers-2018-de-aftermovie/,https://zpzaken.nl/,301,TRUE,TRUE,FALSE,FALSE
zpzaken.nl/nk-golftoernooi-voor-zpers-2020-geannuleerd,https://zpzaken.nl/,301,TRUE,TRUE,FALSE,FALSE
zpzaken.nl/nk-golftoernooi-voor-zpers-2020-geannuleerd/,https://zpzaken.nl/,301,TRUE,TRUE,FALSE,FALSE
zpzaken.nl/nooit-meer-bonnetjes-bewaren,https://zpzaken.nl/kennisbank/financien,301,TRUE,TRUE,FALSE,FALSE
zpzaken.nl/nooit-meer-bonnetjes-bewaren/,https://zpzaken.nl/kennisbank/financien,301,TRUE,TRUE,FALSE,FALSE
zpzaken.nl/online-lifestyle-plan,https://zpzaken.nl/mentale-gezondheid,301,TRUE,TRUE,FALSE,FALSE
zpzaken.nl/online-lifestyle-plan/,https://zpzaken.nl/mentale-gezondheid,301,TRUE,TRUE,FALSE,FALSE
zpzaken.nl/onlinelifestyleplan-inschrijven,https://zpzaken.nl/mentale-gezondheid,301,TRUE,TRUE,FALSE,FALSE
zpzaken.nl/onlinelifestyleplan-inschrijven/,https://zpzaken.nl/mentale-gezondheid,301,TRUE,TRUE,FALSE,FALSE
zpzaken.nl/onvz,https://zpzaken.nl/zorgverzekering,301,TRUE,TRUE,FALSE,FALSE
zpzaken.nl/onvz/,https://zpzaken.nl/zorgverzekering,301,TRUE,TRUE,FALSE,FALSE
zpzaken.nl/opleidingen-en-trainingen,https://zpzaken.nl/over-ons,301,TRUE,TRUE,FALSE,FALSE
zpzaken.nl/opleidingen-en-trainingen/,https://zpzaken.nl/over-ons,301,TRUE,TRUE,FALSE,FALSE
zpzaken.nl/over-zpzaken,https://zpzaken.nl/over-ons,301,TRUE,TRUE,FALSE,FALSE
zpzaken.nl/over-zpzaken/,https://zpzaken.nl/over-ons,301,TRUE,TRUE,FALSE,FALSE
zpzaken.nl/overzp,https://zpzaken.nl/over-ons,301,TRUE,TRUE,FALSE,FALSE
zpzaken.nl/overzp/,https://zpzaken.nl/over-ons,301,TRUE,TRUE,FALSE,FALSE
zpzaken.nl/paasactie,https://zpzaken.nl/verzekeringen,301,TRUE,TRUE,FALSE,FALSE
zpzaken.nl/paasactie/,https://zpzaken.nl/verzekeringen,301,TRUE,TRUE,FALSE,FALSE
zpzaken.nl/partners/between-staffing,https://zpzaken.nl/partners,301,TRUE,TRUE,FALSE,FALSE
zpzaken.nl/partners/between-staffing/,https://zpzaken.nl/partners,301,TRUE,TRUE,FALSE,FALSE
zpzaken.nl/partners/headfirst,https://zpzaken.nl/partners,301,TRUE,TRUE,FALSE,FALSE
zpzaken.nl/partners/headfirst/,https://zpzaken.nl/partners,301,TRUE,TRUE,FALSE,FALSE
zpzaken.nl/partners/staffing-ms,https://zpzaken.nl/partners,301,TRUE,TRUE,FALSE,FALSE
zpzaken.nl/partners/staffing-ms/,https://zpzaken.nl/partners,301,TRUE,TRUE,FALSE,FALSE
zpzaken.nl/persoonlijke-ontwikkeling,https://zpzaken.nl/over-ons,301,TRUE,TRUE,FALSE,FALSE
zpzaken.nl/persoonlijke-ontwikkeling/,https://zpzaken.nl/over-ons,301,TRUE,TRUE,FALSE,FALSE
zpzaken.nl/post/10-tips-voor-een-digitaal-veilig-bedrijf,https://zpzaken.nl/kennisbank,301,TRUE,TRUE,FALSE,FALSE
zpzaken.nl/post/10-tips-voor-een-digitaal-veilig-bedrijf/,https://zpzaken.nl/kennisbank,301,TRUE,TRUE,FALSE,FALSE
zpzaken.nl/post/2018-biedt-positief-vooruitzicht-voor-zelfstandig-professionals,https://zpzaken.nl/kennisbank,301,TRUE,TRUE,FALSE,FALSE
zpzaken.nl/post/2018-biedt-positief-vooruitzicht-voor-zelfstandig-professionals/,https://zpzaken.nl/kennisbank,301,TRUE,TRUE,FALSE,FALSE
zpzaken.nl/post/40-uren-contract-steeds-uitzonderlijker-voor-zzp-er-bij-overheid,https://zpzaken.nl/kennisbank,301,TRUE,TRUE,FALSE,FALSE
zpzaken.nl/post/40-uren-contract-steeds-uitzonderlijker-voor-zzp-er-bij-overheid/,https://zpzaken.nl/kennisbank,301,TRUE,TRUE,FALSE,FALSE
zpzaken.nl/post/6-hittetips,https://zpzaken.nl/kennisbank,301,TRUE,TRUE,FALSE,FALSE
zpzaken.nl/post/6-hittetips/,https://zpzaken.nl/kennisbank,301,TRUE,TRUE,FALSE,FALSE
zpzaken.nl/post/6-nieuwe-belastingmaatregelen,https://zpzaken.nl/kennisbank/belastingen,301,TRUE,TRUE,FALSE,FALSE
zpzaken.nl/post/6-nieuwe-belastingmaatregelen/,https://zpzaken.nl/kennisbank/belastingen,301,TRUE,TRUE,FALSE,FALSE
zpzaken.nl/post/6-tips-voor-opstellen-ideale-factuur,https://zpzaken.nl/kennisbank/financien,301,TRUE,TRUE,FALSE,FALSE
zpzaken.nl/post/6-tips-voor-opstellen-ideale-factuur/,https://zpzaken.nl/kennisbank/financien,301,TRUE,TRUE,FALSE,FALSE
zpzaken.nl/post/8-feiten-over-de-zp-markt,https://zpzaken.nl/kennisbank,301,TRUE,TRUE,FALSE,FALSE
zpzaken.nl/post/8-feiten-over-de-zp-markt/,https://zpzaken.nl/kennisbank,301,TRUE,TRUE,FALSE,FALSE
zpzaken.nl/post/8-tips-om-betalingsproblemen-te-voorkomen,https://zpzaken.nl/kennisbank/financien,301,TRUE,TRUE,FALSE,FALSE
zpzaken.nl/post/8-tips-om-betalingsproblemen-te-voorkomen/,https://zpzaken.nl/kennisbank/financien,301,TRUE,TRUE,FALSE,FALSE
zpzaken.nl/post/aanmanen-dit-zijn-de-regels,https://zpzaken.nl/kennisbank,301,TRUE,TRUE,FALSE,FALSE
zpzaken.nl/post/aanmanen-dit-zijn-de-regels/,https://zpzaken.nl/kennisbank,301,TRUE,TRUE,FALSE,FALSE
zpzaken.nl/post/aantal-opdrachten-zzp-er-stijgt-met-30-procent,https://zpzaken.nl/kennisbank,301,TRUE,TRUE,FALSE,FALSE
zpzaken.nl/post/aantal-opdrachten-zzp-er-stijgt-met-30-procent/,https://zpzaken.nl/kennisbank,301,TRUE,TRUE,FALSE,FALSE
zpzaken.nl/post/achtergrond-wet-dba,https://zpzaken.nl/kennisbank/wet-en-regelgeving,301,TRUE,TRUE,FALSE,FALSE
zpzaken.nl/post/achtergrond-wet-dba/,https://zpzaken.nl/kennisbank/wet-en-regelgeving,301,TRUE,TRUE,FALSE,FALSE
zpzaken.nl/post/aov-sharepeople-korting,https://zpzaken.nl/aov,301,TRUE,TRUE,FALSE,FALSE
zpzaken.nl/post/aov-sharepeople-korting/,https://zpzaken.nl/aov,301,TRUE,TRUE,FALSE,FALSE
zpzaken.nl/post/basisverzekering-geeft-meer-vrijheid,https://zpzaken.nl/verzekeringen,301,TRUE,TRUE,FALSE,FALSE
zpzaken.nl/post/basisverzekering-geeft-meer-vrijheid/,https://zpzaken.nl/verzekeringen,301,TRUE,TRUE,FALSE,FALSE
zpzaken.nl/post/belastingdienst-meldt-dat-het-btw-nummer-wordt-ingetrokken-van-nihil-aangevers,https://zpzaken.nl/kennisbank/belastingen,301,TRUE,TRUE,FALSE,FALSE
zpzaken.nl/post/belastingdienst-meldt-dat-het-btw-nummer-wordt-ingetrokken-van-nihil-aangevers/,https://zpzaken.nl/kennisbank/belastingen,301,TRUE,TRUE,FALSE,FALSE
zpzaken.nl/post/beroeps-en-bedrijfsaansprakelijkheidsverzekering-nodig-of-niet,https://zpzaken.nl/verzekeringen,301,TRUE,TRUE,FALSE,FALSE
zpzaken.nl/post/beroeps-en-bedrijfsaansprakelijkheidsverzekering-nodig-of-niet/,https://zpzaken.nl/verzekeringen,301,TRUE,TRUE,FALSE,FALSE
zpzaken.nl/post/beter-leren-door-digitalisering,https://zpzaken.nl/kennisbank,301,TRUE,TRUE,FALSE,FALSE
zpzaken.nl/post/beter-leren-door-digitalisering/,https://zpzaken.nl/kennisbank,301,TRUE,TRUE,FALSE,FALSE
zpzaken.nl/post/beweeg-je-stress-weg,https://zpzaken.nl/mentale-gezondheid,301,TRUE,TRUE,FALSE,FALSE
zpzaken.nl/post/beweeg-je-stress-weg/,https://zpzaken.nl/mentale-gezondheid,301,TRUE,TRUE,FALSE,FALSE
zpzaken.nl/post/bewust-werken-in-de-cloud-de-risico-s-in-kaart-gebracht-1,https://zpzaken.nl/kennisbank,301,TRUE,TRUE,FALSE,FALSE
zpzaken.nl/post/bewust-werken-in-de-cloud-de-risico-s-in-kaart-gebracht-1/,https://zpzaken.nl/kennisbank,301,TRUE,TRUE,FALSE,FALSE
zpzaken.nl/post/blogupdates-forse-maatregelen-voor-bedrijven-en-zzp-werktijdverkorting-vervalt,https://zpzaken.nl/kennisbank,301,TRUE,TRUE,FALSE,FALSE
zpzaken.nl/post/blogupdates-forse-maatregelen-voor-bedrijven-en-zzp-werktijdverkorting-vervalt/,https://zpzaken.nl/kennisbank,301,TRUE,TRUE,FALSE,FALSE
zpzaken.nl/post/btw-aangifte-waar-moet-je-aan-denken,https://zpzaken.nl/kennisbank/belastingen,301,TRUE,TRUE,FALSE,FALSE
zpzaken.nl/post/btw-aangifte-waar-moet-je-aan-denken/,https://zpzaken.nl/kennisbank/belastingen,301,TRUE,TRUE,FALSE,FALSE
zpzaken.nl/post/cybercriminaliteit-pandemie-voorkomen,https://zpzaken.nl/verzekeringen,301,TRUE,TRUE,FALSE,FALSE
zpzaken.nl/post/cybercriminaliteit-pandemie-voorkomen/,https://zpzaken.nl/verzekeringen,301,TRUE,TRUE,FALSE,FALSE
zpzaken.nl/post/de-beroeps-en-bedrijfsaansprakelijkheidsverzekering,https://zpzaken.nl/verzekeringen,301,TRUE,TRUE,FALSE,FALSE
zpzaken.nl/post/de-beroeps-en-bedrijfsaansprakelijkheidsverzekering/,https://zpzaken.nl/verzekeringen,301,TRUE,TRUE,FALSE,FALSE
zpzaken.nl/post/een-eigen-zaak-het-belang-en-gebruik-van-algemene-voorwaarden,https://zpzaken.nl/documenten#verzekeringsvoorwaarden,301,TRUE,TRUE,FALSE,FALSE
zpzaken.nl/post/een-eigen-zaak-het-belang-en-gebruik-van-algemene-voorwaarden/,https://zpzaken.nl/documenten#verzekeringsvoorwaarden,301,TRUE,TRUE,FALSE,FALSE
zpzaken.nl/post/een-tip-hoe-je-fiscaal-voordeel-van-2020-kunt-benutten,https://zpzaken.nl/kennisbank/belastingen,301,TRUE,TRUE,FALSE,FALSE
zpzaken.nl/post/een-tip-hoe-je-fiscaal-voordeel-van-2020-kunt-benutten/,https://zpzaken.nl/kennisbank/belastingen,301,TRUE,TRUE,FALSE,FALSE
zpzaken.nl/post/er-is-altijd-een-reden-om-te-flexibiliseren,https://zpzaken.nl/kennisbank,301,TRUE,TRUE,FALSE,FALSE
zpzaken.nl/post/er-is-altijd-een-reden-om-te-flexibiliseren/,https://zpzaken.nl/kennisbank,301,TRUE,TRUE,FALSE,FALSE
zpzaken.nl/post/er-is-altijd-een-reden-om-te-flexibiliseren-1,https://zpzaken.nl/kennisbank,301,TRUE,TRUE,FALSE,FALSE
zpzaken.nl/post/er-is-altijd-een-reden-om-te-flexibiliseren-1/,https://zpzaken.nl/kennisbank,301,TRUE,TRUE,FALSE,FALSE
zpzaken.nl/post/ervaring-belangrijker-dan-prijs-bij-selectie-zzp-ers,https://zpzaken.nl/kennisbank,301,TRUE,TRUE,FALSE,FALSE
zpzaken.nl/post/ervaring-belangrijker-dan-prijs-bij-selectie-zzp-ers/,https://zpzaken.nl/kennisbank,301,TRUE,TRUE,FALSE,FALSE
zpzaken.nl/post/fijne-feestdagen,https://zpzaken.nl/,301,TRUE,TRUE,FALSE,FALSE
zpzaken.nl/post/fijne-feestdagen/,https://zpzaken.nl/,301,TRUE,TRUE,FALSE,FALSE
zpzaken.nl/post/flexibele-arbeid-in-kaart-gebracht,https://zpzaken.nl/kennisbank,301,TRUE,TRUE,FALSE,FALSE
zpzaken.nl/post/flexibele-arbeid-in-kaart-gebracht/,https://zpzaken.nl/kennisbank,301,TRUE,TRUE,FALSE,FALSE
zpzaken.nl/post/geld-verdienen-door-beter-debiteurenbeheer-fabel-of-niet,https://zpzaken.nl/kennisbank,301,TRUE,TRUE,FALSE,FALSE
zpzaken.nl/post/geld-verdienen-door-beter-debiteurenbeheer-fabel-of-niet/,https://zpzaken.nl/kennisbank,301,TRUE,TRUE,FALSE,FALSE
zpzaken.nl/post/gevaar-voor-cybercriminelen-die-misbruik-maken-van-thuiswerken,https://zpzaken.nl/verzekeringen,301,TRUE,TRUE,FALSE,FALSE
zpzaken.nl/post/gevaar-voor-cybercriminelen-die-misbruik-maken-van-thuiswerken/,https://zpzaken.nl/verzekeringen,301,TRUE,TRUE,FALSE,FALSE
zpzaken.nl/post/gratis-webinar-over-pensioen-en-financiële-analyse,https://zpzaken.nl/pensioen,301,TRUE,TRUE,FALSE,FALSE
zpzaken.nl/post/gratis-webinar-over-pensioen-en-financiële-analyse/,https://zpzaken.nl/pensioen,301,TRUE,TRUE,FALSE,FALSE
zpzaken.nl/post/gratis-webinar-over-pensioen-en-financi%C3%ABle-analyse,https://zpzaken.nl/pensioen,301,TRUE,TRUE,FALSE,FALSE
zpzaken.nl/post/gratis-webinar-over-pensioen-en-financi%C3%ABle-analyse/,https://zpzaken.nl/pensioen,301,TRUE,TRUE,FALSE,FALSE
zpzaken.nl/post/gratis-webinar-wat-kun-je-zelf-doen-aan-je-pensioen-als-zp-er,https://zpzaken.nl/pensioen,301,TRUE,TRUE,FALSE,FALSE
zpzaken.nl/post/gratis-webinar-wat-kun-je-zelf-doen-aan-je-pensioen-als-zp-er/,https://zpzaken.nl/pensioen,301,TRUE,TRUE,FALSE,FALSE
zpzaken.nl/post/handhaving-wet-dba-opgeschort-tot-1-januari-2020,https://zpzaken.nl/kennisbank/wet-en-regelgeving,301,TRUE,TRUE,FALSE,FALSE
zpzaken.nl/post/handhaving-wet-dba-opgeschort-tot-1-januari-2020/,https://zpzaken.nl/kennisbank/wet-en-regelgeving,301,TRUE,TRUE,FALSE,FALSE
zpzaken.nl/post/heb-ik-een-aansprakelijkheidsverzekering-nodig,https://zpzaken.nl/verzekeringen,301,TRUE,TRUE,FALSE,FALSE
zpzaken.nl/post/heb-ik-een-aansprakelijkheidsverzekering-nodig/,https://zpzaken.nl/verzekeringen,301,TRUE,TRUE,FALSE,FALSE
zpzaken.nl/post/het-nk-golftoernooi-voor-zp-ers-burggolf-de-haverleij,https://zpzaken.nl/,301,TRUE,TRUE,FALSE,FALSE
zpzaken.nl/post/het-nk-golftoernooi-voor-zp-ers-burggolf-de-haverleij/,https://zpzaken.nl/,301,TRUE,TRUE,FALSE,FALSE
zpzaken.nl/post/hoe-gaat-het-met-de-var-vervanger,https://zpzaken.nl/kennisbank,301,TRUE,TRUE,FALSE,FALSE
zpzaken.nl/post/hoe-gaat-het-met-de-var-vervanger/,https://zpzaken.nl/kennisbank,301,TRUE,TRUE,FALSE,FALSE
zpzaken.nl/post/hoogopgeleide-zzp-ers-massaal-getroffen-door-de-wet-dba,https://zpzaken.nl/kennisbank/wet-en-regelgeving,301,TRUE,TRUE,FALSE,FALSE
zpzaken.nl/post/hoogopgeleide-zzp-ers-massaal-getroffen-door-de-wet-dba/,https://zpzaken.nl/kennisbank/wet-en-regelgeving,301,TRUE,TRUE,FALSE,FALSE
zpzaken.nl/post/infographic-wie-is-de-zp-er-in-de-zakelijke-dienstverlening,https://zpzaken.nl/diensten,301,TRUE,TRUE,FALSE,FALSE
zpzaken.nl/post/infographic-wie-is-de-zp-er-in-de-zakelijke-dienstverlening/,https://zpzaken.nl/diensten,301,TRUE,TRUE,FALSE,FALSE
zpzaken.nl/post/invest-now-earn-later,https://zpzaken.nl/kennisbank,301,TRUE,TRUE,FALSE,FALSE
zpzaken.nl/post/invest-now-earn-later/,https://zpzaken.nl/kennisbank,301,TRUE,TRUE,FALSE,FALSE
zpzaken.nl/post/is-een-beroeps-en-bedrijfsaansprakelijkheidsverzekering-een-modeverschijnsel-of-noodzakelijk-kwaad,https://zpzaken.nl/verzekeringen,301,TRUE,TRUE,FALSE,FALSE
zpzaken.nl/post/is-een-beroeps-en-bedrijfsaansprakelijkheidsverzekering-een-modeverschijnsel-of-noodzakelijk-kwaad/,https://zpzaken.nl/verzekeringen,301,TRUE,TRUE,FALSE,FALSE
zpzaken.nl/post/jongste-generatie-werkenden-is-meant-to-be-flex,https://zpzaken.nl/kennisbank,301,TRUE,TRUE,FALSE,FALSE
zpzaken.nl/post/jongste-generatie-werkenden-is-meant-to-be-flex/,https://zpzaken.nl/kennisbank,301,TRUE,TRUE,FALSE,FALSE
zpzaken.nl/post/jouw-update-over-ondernemerschap-gericht-op-de-zelfstandig-professional,https://zpzaken.nl/kennisbank,301,TRUE,TRUE,FALSE,FALSE
zpzaken.nl/post/jouw-update-over-ondernemerschap-gericht-op-de-zelfstandig-professional/,https://zpzaken.nl/kennisbank,301,TRUE,TRUE,FALSE,FALSE
zpzaken.nl/post/kwart-zzp-ers-overweegt-te-stoppen-door-wet-dba,https://zpzaken.nl/kennisbank/wet-en-regelgeving,301,TRUE,TRUE,FALSE,FALSE
zpzaken.nl/post/kwart-zzp-ers-overweegt-te-stoppen-door-wet-dba/,https://zpzaken.nl/kennisbank/wet-en-regelgeving,301,TRUE,TRUE,FALSE,FALSE
zpzaken.nl/post/linkedin-is-de-netwerkborrel-facebook-de-kroeg,https://zpzaken.nl/kennisbank,301,TRUE,TRUE,FALSE,FALSE
zpzaken.nl/post/linkedin-is-de-netwerkborrel-facebook-de-kroeg/,https://zpzaken.nl/kennisbank,301,TRUE,TRUE,FALSE,FALSE
zpzaken.nl/post/marktmonitor-zp-facts-positief-gestemd-over-zzp-markt-in-2016,https://zpzaken.nl/,301,TRUE,TRUE,FALSE,FALSE
zpzaken.nl/post/marktmonitor-zp-facts-positief-gestemd-over-zzp-markt-in-2016/,https://zpzaken.nl/,301,TRUE,TRUE,FALSE,FALSE
zpzaken.nl/post/meerwerk-zo-voorkom-je-een-discussie,https://zpzaken.nl/kennisbank,301,TRUE,TRUE,FALSE,FALSE
zpzaken.nl/post/meerwerk-zo-voorkom-je-een-discussie/,https://zpzaken.nl/kennisbank,301,TRUE,TRUE,FALSE,FALSE
zpzaken.nl/post/modern-day-meetings,https://zpzaken.nl/kennisbank,301,TRUE,TRUE,FALSE,FALSE
zpzaken.nl/post/modern-day-meetings/,https://zpzaken.nl/kennisbank,301,TRUE,TRUE,FALSE,FALSE
zpzaken.nl/post/nieuwe-var-scheidt-kaf-van-het-koren,https://zpzaken.nl/kennisbank,301,TRUE,TRUE,FALSE,FALSE
zpzaken.nl/post/nieuwe-var-scheidt-kaf-van-het-koren/,https://zpzaken.nl/kennisbank,301,TRUE,TRUE,FALSE,FALSE
zpzaken.nl/post/nieuwe-voortgangsbrief-kabinet-belastingdienst-bezoekt-honderd-organisaties-in-2018,https://zpzaken.nl/kennisbank/belastingen,301,TRUE,TRUE,FALSE,FALSE
zpzaken.nl/post/nieuwe-voortgangsbrief-kabinet-belastingdienst-bezoekt-honderd-organisaties-in-2018/,https://zpzaken.nl/kennisbank/belastingen,301,TRUE,TRUE,FALSE,FALSE
zpzaken.nl/post/nk-golftoernooi-voor-zpers-2020-geannuleerd,https://zpzaken.nl/,301,TRUE,TRUE,FALSE,FALSE
zpzaken.nl/post/nk-golftoernooi-voor-zpers-2020-geannuleerd/,https://zpzaken.nl/,301,TRUE,TRUE,FALSE,FALSE
zpzaken.nl/post/nooit-meer-bonnetjes-bewaren,https://zpzaken.nl/kennisbank/financien,301,TRUE,TRUE,FALSE,FALSE
zpzaken.nl/post/nooit-meer-bonnetjes-bewaren/,https://zpzaken.nl/kennisbank/financien,301,TRUE,TRUE,FALSE,FALSE
zpzaken.nl/post/ondernemers-risico-in-kaart-brengen-noodzakelijk,https://zpzaken.nl/kennisbank,301,TRUE,TRUE,FALSE,FALSE
zpzaken.nl/post/ondernemers-risico-in-kaart-brengen-noodzakelijk/,https://zpzaken.nl/kennisbank,301,TRUE,TRUE,FALSE,FALSE
zpzaken.nl/post/onderzoek-4-op-de-10-zzp-ers-matig-tot-slecht-online-beveiligd,https://zpzaken.nl/kennisbank,301,TRUE,TRUE,FALSE,FALSE
zpzaken.nl/post/onderzoek-4-op-de-10-zzp-ers-matig-tot-slecht-online-beveiligd/,https://zpzaken.nl/kennisbank,301,TRUE,TRUE,FALSE,FALSE
zpzaken.nl/post/persbericht-2018-biedt-positief-vooruitzicht-voor-zelfstandig-professionals,https://zpzaken.nl/kennisbank,301,TRUE,TRUE,FALSE,FALSE
zpzaken.nl/post/persbericht-2018-biedt-positief-vooruitzicht-voor-zelfstandig-professionals/,https://zpzaken.nl/kennisbank,301,TRUE,TRUE,FALSE,FALSE
zpzaken.nl/post/persbericht-aantal-fulltime-opdrachten-zzp-er-daalt,https://zpzaken.nl/kennisbank,301,TRUE,TRUE,FALSE,FALSE
zpzaken.nl/post/persbericht-aantal-fulltime-opdrachten-zzp-er-daalt/,https://zpzaken.nl/kennisbank,301,TRUE,TRUE,FALSE,FALSE
zpzaken.nl/post/persbericht-bv-verliest-aan-populariteit-onder-zzp-ers,https://zpzaken.nl/kennisbank,301,TRUE,TRUE,FALSE,FALSE
zpzaken.nl/post/persbericht-bv-verliest-aan-populariteit-onder-zzp-ers/,https://zpzaken.nl/kennisbank,301,TRUE,TRUE,FALSE,FALSE
zpzaken.nl/post/persbericht-steeds-minder-fulltime-opdrachten-zzp-er,https://zpzaken.nl/kennisbank,301,TRUE,TRUE,FALSE,FALSE
zpzaken.nl/post/persbericht-steeds-minder-fulltime-opdrachten-zzp-er/,https://zpzaken.nl/kennisbank,301,TRUE,TRUE,FALSE,FALSE
zpzaken.nl/post/persbericht-zzp-er-geeft-zichzelf-ruime-8-voor-kennisdeling-met-opdrachtgever,https://zpzaken.nl/kennisbank,301,TRUE,TRUE,FALSE,FALSE
zpzaken.nl/post/persbericht-zzp-er-geeft-zichzelf-ruime-8-voor-kennisdeling-met-opdrachtgever/,https://zpzaken.nl/kennisbank,301,TRUE,TRUE,FALSE,FALSE
zpzaken.nl/post/precies-weten-hoe-je-er-financieel-voor-staat-als-zp-er,https://zpzaken.nl/kennisbank/financien,301,TRUE,TRUE,FALSE,FALSE
zpzaken.nl/post/precies-weten-hoe-je-er-financieel-voor-staat-als-zp-er/,https://zpzaken.nl/kennisbank/financien,301,TRUE,TRUE,FALSE,FALSE
zpzaken.nl/post/prinsjesdag-2020-wat-betekent-dit-voor-jou-als-zp-er,https://zpzaken.nl/kennisbank/belastingen,301,TRUE,TRUE,FALSE,FALSE
zpzaken.nl/post/prinsjesdag-2020-wat-betekent-dit-voor-jou-als-zp-er/,https://zpzaken.nl/kennisbank/belastingen,301,TRUE,TRUE,FALSE,FALSE
zpzaken.nl/post/privé-verzekering-is-niet-genoeg,https://zpzaken.nl/verzekeringen,301,TRUE,TRUE,FALSE,FALSE
zpzaken.nl/post/privé-verzekering-is-niet-genoeg/,https://zpzaken.nl/verzekeringen,301,TRUE,TRUE,FALSE,FALSE
zpzaken.nl/post/priv%C3%A9-verzekering-is-niet-genoeg,https://zpzaken.nl/verzekeringen,301,TRUE,TRUE,FALSE,FALSE
zpzaken.nl/post/priv%C3%A9-verzekering-is-niet-genoeg/,https://zpzaken.nl/verzekeringen,301,TRUE,TRUE,FALSE,FALSE
zpzaken.nl/post/samenwerking-zpzaken-en-zilverenkruis,https://zpzaken.nl/kennisbank,301,TRUE,TRUE,FALSE,FALSE
zpzaken.nl/post/samenwerking-zpzaken-en-zilverenkruis/,https://zpzaken.nl/kennisbank,301,TRUE,TRUE,FALSE,FALSE
zpzaken.nl/post/steeds-jonger-startende-zzp-er-is-geen-schijnzelfstandige,https://zpzaken.nl/kennisbank,301,TRUE,TRUE,FALSE,FALSE
zpzaken.nl/post/steeds-jonger-startende-zzp-er-is-geen-schijnzelfstandige/,https://zpzaken.nl/kennisbank,301,TRUE,TRUE,FALSE,FALSE
zpzaken.nl/post/subsidie-voor-zp-ers,https://zpzaken.nl/kennisbank/financien,301,TRUE,TRUE,FALSE,FALSE
zpzaken.nl/post/subsidie-voor-zp-ers/,https://zpzaken.nl/kennisbank/financien,301,TRUE,TRUE,FALSE,FALSE
zpzaken.nl/post/tarief-hoogopgeleide-zzp-er-piekt-op-56-jarige-leeftijd,https://zpzaken.nl/kennisbank,301,TRUE,TRUE,FALSE,FALSE
zpzaken.nl/post/tarief-hoogopgeleide-zzp-er-piekt-op-56-jarige-leeftijd/,https://zpzaken.nl/kennisbank,301,TRUE,TRUE,FALSE,FALSE
zpzaken.nl/post/tegemoetkoming-vaste-lasten-mkb-tvl-vanaf-nu-aan-te-vragen,https://zpzaken.nl/kennisbank,301,TRUE,TRUE,FALSE,FALSE
zpzaken.nl/post/tegemoetkoming-vaste-lasten-mkb-tvl-vanaf-nu-aan-te-vragen/,https://zpzaken.nl/kennisbank,301,TRUE,TRUE,FALSE,FALSE
zpzaken.nl/post/time-is-money,https://zpzaken.nl/kennisbank,301,TRUE,TRUE,FALSE,FALSE
zpzaken.nl/post/time-is-money/,https://zpzaken.nl/kennisbank,301,TRUE,TRUE,FALSE,FALSE
zpzaken.nl/post/time-is-money-1,https://zpzaken.nl/kennisbank,301,TRUE,TRUE,FALSE,FALSE
zpzaken.nl/post/time-is-money-1/,https://zpzaken.nl/kennisbank,301,TRUE,TRUE,FALSE,FALSE
zpzaken.nl/post/tips-voor-veilig-en-professioneel-thuiswerken,https://zpzaken.nl/kennisbank,301,TRUE,TRUE,FALSE,FALSE
zpzaken.nl/post/tips-voor-veilig-en-professioneel-thuiswerken/,https://zpzaken.nl/kennisbank,301,TRUE,TRUE,FALSE,FALSE
zpzaken.nl/post/tweede-voortgangsbrief-kabinet-vervanging-wet-dba-nogmaals-uitgesteld,https://zpzaken.nl/kennisbank/wet-en-regelgeving,301,TRUE,TRUE,FALSE,FALSE
zpzaken.nl/post/tweede-voortgangsbrief-kabinet-vervanging-wet-dba-nogmaals-uitgesteld/,https://zpzaken.nl/kennisbank/wet-en-regelgeving,301,TRUE,TRUE,FALSE,FALSE
zpzaken.nl/post/uitstellen-is-kostbaar,https://zpzaken.nl/kennisbank,301,TRUE,TRUE,FALSE,FALSE
zpzaken.nl/post/uitstellen-is-kostbaar/,https://zpzaken.nl/kennisbank,301,TRUE,TRUE,FALSE,FALSE
zpzaken.nl/post/universiteit-van-tilburg-en-headfirst-introduceren-index-voor-zzp-markt,https://zpzaken.nl/partners,301,TRUE,TRUE,FALSE,FALSE
zpzaken.nl/post/universiteit-van-tilburg-en-headfirst-introduceren-index-voor-zzp-markt/,https://zpzaken.nl/partners,301,TRUE,TRUE,FALSE,FALSE
zpzaken.nl/post/uurtarief-zelfstandig-professional-daalt-onder-druk-wet-dba,https://zpzaken.nl/kennisbank/wet-en-regelgeving,301,TRUE,TRUE,FALSE,FALSE
zpzaken.nl/post/uurtarief-zelfstandig-professional-daalt-onder-druk-wet-dba/,https://zpzaken.nl/kennisbank/wet-en-regelgeving,301,TRUE,TRUE,FALSE,FALSE
zpzaken.nl/post/uurtarief-zelfstandig-professional-daalt-onder-druk-wet-dba-1,https://zpzaken.nl/kennisbank/wet-en-regelgeving,301,TRUE,TRUE,FALSE,FALSE
zpzaken.nl/post/uurtarief-zelfstandig-professional-daalt-onder-druk-wet-dba-1/,https://zpzaken.nl/kennisbank/wet-en-regelgeving,301,TRUE,TRUE,FALSE,FALSE
zpzaken.nl/post/vacature-operations-communicatie,https://zpzaken.nl/kennisbank,301,TRUE,TRUE,FALSE,FALSE
zpzaken.nl/post/vacature-operations-communicatie/,https://zpzaken.nl/kennisbank,301,TRUE,TRUE,FALSE,FALSE
zpzaken.nl/post/valentijns-date-voor-vrijgezelle-it-ers,https://zpzaken.nl/kennisbank,301,TRUE,TRUE,FALSE,FALSE
zpzaken.nl/post/valentijns-date-voor-vrijgezelle-it-ers/,https://zpzaken.nl/kennisbank,301,TRUE,TRUE,FALSE,FALSE
zpzaken.nl/post/vanuit-je-bv-een-deel-van-je-hypotheek-financieren-het-kan,https://zpzaken.nl/kennisbank/financien,301,TRUE,TRUE,FALSE,FALSE
zpzaken.nl/post/vanuit-je-bv-een-deel-van-je-hypotheek-financieren-het-kan/,https://zpzaken.nl/kennisbank/financien,301,TRUE,TRUE,FALSE,FALSE
zpzaken.nl/post/veel-media-aandacht-voor-onderzoeksresultaten-wet-dba-opiniemonitor,https://zpzaken.nl/kennisbank/wet-en-regelgeving,301,TRUE,TRUE,FALSE,FALSE
zpzaken.nl/post/veel-media-aandacht-voor-onderzoeksresultaten-wet-dba-opiniemonitor/,https://zpzaken.nl/kennisbank/wet-en-regelgeving,301,TRUE,TRUE,FALSE,FALSE
zpzaken.nl/post/verzekeren-tegen-cybercrime-is-een-must,https://zpzaken.nl/verzekeringen,301,TRUE,TRUE,FALSE,FALSE
zpzaken.nl/post/verzekeren-tegen-cybercrime-is-een-must/,https://zpzaken.nl/verzekeringen,301,TRUE,TRUE,FALSE,FALSE
zpzaken.nl/post/vragen-en-antwoorden-over-de-verplichte-aov-voor-zp-ers,https://zpzaken.nl/aov,301,TRUE,TRUE,FALSE,FALSE
zpzaken.nl/post/vragen-en-antwoorden-over-de-verplichte-aov-voor-zp-ers/,https://zpzaken.nl/aov,301,TRUE,TRUE,FALSE,FALSE
zpzaken.nl/post/wat-betekent-het-pensioenakkoord-voor-zzp-ers-en-ondernemers,https://zpzaken.nl/pensioen,301,TRUE,TRUE,FALSE,FALSE
zpzaken.nl/post/wat-betekent-het-pensioenakkoord-voor-zzp-ers-en-ondernemers/,https://zpzaken.nl/pensioen,301,TRUE,TRUE,FALSE,FALSE
zpzaken.nl/post/wat-gebeurt-er-als-je-ziek-wordt,https://zpzaken.nl/kennisbank,301,TRUE,TRUE,FALSE,FALSE
zpzaken.nl/post/wat-gebeurt-er-als-je-ziek-wordt/,https://zpzaken.nl/kennisbank,301,TRUE,TRUE,FALSE,FALSE
zpzaken.nl/post/webinar-pensioenoplossing,https://zpzaken.nl/pensioen,301,TRUE,TRUE,FALSE,FALSE
zpzaken.nl/post/webinar-pensioenoplossing/,https://zpzaken.nl/pensioen,301,TRUE,TRUE,FALSE,FALSE
zpzaken.nl/post/welke-verzekeringen-moet-ik-hebben,https://zpzaken.nl/kennisbank/welke-verzekeringen-zzp,301,TRUE,TRUE,FALSE,FALSE
zpzaken.nl/post/welke-verzekeringen-moet-ik-hebben/,https://zpzaken.nl/kennisbank/welke-verzekeringen-zzp,301,TRUE,TRUE,FALSE,FALSE
zpzaken.nl/post/werken-in-de-cloud,https://zpzaken.nl/kennisbank,301,TRUE,TRUE,FALSE,FALSE
zpzaken.nl/post/werken-in-de-cloud/,https://zpzaken.nl/kennisbank,301,TRUE,TRUE,FALSE,FALSE
zpzaken.nl/post/wet-dba-op-de-schop-introductie-opdrachtgeversverklaring,https://zpzaken.nl/kennisbank/wet-en-regelgeving,301,TRUE,TRUE,FALSE,FALSE
zpzaken.nl/post/wet-dba-op-de-schop-introductie-opdrachtgeversverklaring/,https://zpzaken.nl/kennisbank/wet-en-regelgeving,301,TRUE,TRUE,FALSE,FALSE
zpzaken.nl/post/wet-dba-op-de-schop-introductie-opdrachtgeversverklaring-1,https://zpzaken.nl/kennisbank/wet-en-regelgeving,301,TRUE,TRUE,FALSE,FALSE
zpzaken.nl/post/wet-dba-op-de-schop-introductie-opdrachtgeversverklaring-1/,https://zpzaken.nl/kennisbank/wet-en-regelgeving,301,TRUE,TRUE,FALSE,FALSE
zpzaken.nl/post/woningmarkt-voor-zzp-ers-op-slot,https://zpzaken.nl/kennisbank,301,TRUE,TRUE,FALSE,FALSE
zpzaken.nl/post/woningmarkt-voor-zzp-ers-op-slot/,https://zpzaken.nl/kennisbank,301,TRUE,TRUE,FALSE,FALSE
zpzaken.nl/post/word-jij-onze-nieuwe-commerciële-medewerker-voor-zp-radio,https://zpzaken.nl/,301,TRUE,TRUE,FALSE,FALSE
zpzaken.nl/post/word-jij-onze-nieuwe-commerciële-medewerker-voor-zp-radio/,https://zpzaken.nl/,301,TRUE,TRUE,FALSE,FALSE
zpzaken.nl/post/word-jij-onze-nieuwe-commerci%C3%ABle-medewerker-voor-zp-radio,https://zpzaken.nl/,301,TRUE,TRUE,FALSE,FALSE
zpzaken.nl/post/word-jij-onze-nieuwe-commerci%C3%ABle-medewerker-voor-zp-radio/,https://zpzaken.nl/,301,TRUE,TRUE,FALSE,FALSE
zpzaken.nl/post/zorgen-onder-zzp-ers-groot-ondanks-uitstel-handhaving-wet-dba,https://zpzaken.nl/kennisbank/wet-en-regelgeving,301,TRUE,TRUE,FALSE,FALSE
zpzaken.nl/post/zorgen-onder-zzp-ers-groot-ondanks-uitstel-handhaving-wet-dba/,https://zpzaken.nl/kennisbank/wet-en-regelgeving,301,TRUE,TRUE,FALSE,FALSE
zpzaken.nl/post/zorgen-zzp-ers-om-wetswijzigingen,https://zpzaken.nl/kennisbank,301,TRUE,TRUE,FALSE,FALSE
zpzaken.nl/post/zorgen-zzp-ers-om-wetswijzigingen/,https://zpzaken.nl/kennisbank,301,TRUE,TRUE,FALSE,FALSE
zpzaken.nl/post/zp-facts-gevolgen-van-avg-vrijwel-onbekend-onder-zzp-ers,https://zpzaken.nl/,301,TRUE,TRUE,FALSE,FALSE
zpzaken.nl/post/zp-facts-gevolgen-van-avg-vrijwel-onbekend-onder-zzp-ers/,https://zpzaken.nl/,301,TRUE,TRUE,FALSE,FALSE
zpzaken.nl/post/zp-facts-uurtarief-zzp-er-krabbelt-op,https://zpzaken.nl/,301,TRUE,TRUE,FALSE,FALSE
zpzaken.nl/post/zp-facts-uurtarief-zzp-er-krabbelt-op/,https://zpzaken.nl/,301,TRUE,TRUE,FALSE,FALSE
zpzaken.nl/post/zp-golf-organiseert-netwerkbijeenkomt,https://zpzaken.nl/,301,TRUE,TRUE,FALSE,FALSE
zpzaken.nl/post/zp-golf-organiseert-netwerkbijeenkomt/,https://zpzaken.nl/,301,TRUE,TRUE,FALSE,FALSE
zpzaken.nl/post/zp-mobiliteitskaart-dé-mobiliteitsoplossing-voor-zp-ers,https://zpzaken.nl/kennisbank/belastingen,301,TRUE,TRUE,FALSE,FALSE
zpzaken.nl/post/zp-mobiliteitskaart-dé-mobiliteitsoplossing-voor-zp-ers/,https://zpzaken.nl/kennisbank/belastingen,301,TRUE,TRUE,FALSE,FALSE
zpzaken.nl/post/zp-mobiliteitskaart-d%C3%A9-mobiliteitsoplossing-voor-zp-ers,https://zpzaken.nl/kennisbank/belastingen,301,TRUE,TRUE,FALSE,FALSE
zpzaken.nl/post/zp-mobiliteitskaart-d%C3%A9-mobiliteitsoplossing-voor-zp-ers/,https://zpzaken.nl/kennisbank/belastingen,301,TRUE,TRUE,FALSE,FALSE
zpzaken.nl/post/zp-trends-de-belangrijkste-ontwikkelingen-in-2016,https://zpzaken.nl/kennisbank,301,TRUE,TRUE,FALSE,FALSE
zpzaken.nl/post/zp-trends-de-belangrijkste-ontwikkelingen-in-2016/,https://zpzaken.nl/kennisbank,301,TRUE,TRUE,FALSE,FALSE
zpzaken.nl/post/zzp-er-potentieel-grote-bron-van-werkgelegenheid,https://zpzaken.nl/kennisbank,301,TRUE,TRUE,FALSE,FALSE
zpzaken.nl/post/zzp-er-potentieel-grote-bron-van-werkgelegenheid/,https://zpzaken.nl/kennisbank,301,TRUE,TRUE,FALSE,FALSE
zpzaken.nl/post/zzp-er-reist-drie-keer-zo-ver-als-gemiddelde-nederlander,https://zpzaken.nl/kennisbank,301,TRUE,TRUE,FALSE,FALSE
zpzaken.nl/post/zzp-er-reist-drie-keer-zo-ver-als-gemiddelde-nederlander/,https://zpzaken.nl/kennisbank,301,TRUE,TRUE,FALSE,FALSE
zpzaken.nl/post/zzp-ers-verdienen-flexibiliteit-maatwerk-en-kwaliteit,https://zpzaken.nl/kennisbank,301,TRUE,TRUE,FALSE,FALSE
zpzaken.nl/post/zzp-ers-verdienen-flexibiliteit-maatwerk-en-kwaliteit/,https://zpzaken.nl/kennisbank,301,TRUE,TRUE,FALSE,FALSE
zpzaken.nl/post/zzp-ers-zien-gouden-kansen-in-nieuwe-technologieën,https://zpzaken.nl/kennisbank,301,TRUE,TRUE,FALSE,FALSE
zpzaken.nl/post/zzp-ers-zien-gouden-kansen-in-nieuwe-technologieën/,https://zpzaken.nl/kennisbank,301,TRUE,TRUE,FALSE,FALSE
zpzaken.nl/post/zzp-ers-zien-gouden-kansen-in-nieuwe-technologie%C3%ABn,https://zpzaken.nl/kennisbank,301,TRUE,TRUE,FALSE,FALSE
zpzaken.nl/post/zzp-ers-zien-gouden-kansen-in-nieuwe-technologie%C3%ABn/,https://zpzaken.nl/kennisbank,301,TRUE,TRUE,FALSE,FALSE
zpzaken.nl/post/één-op-de-tien-zzp-ers-mist-uitdaging-in-zijn-opdracht,https://zpzaken.nl/kennisbank,301,TRUE,TRUE,FALSE,FALSE
zpzaken.nl/post/één-op-de-tien-zzp-ers-mist-uitdaging-in-zijn-opdracht/,https://zpzaken.nl/kennisbank,301,TRUE,TRUE,FALSE,FALSE
zpzaken.nl/post/%C3%A9%C3%A9n-op-de-tien-zzp-ers-mist-uitdaging-in-zijn-opdracht,https://zpzaken.nl/kennisbank,301,TRUE,TRUE,FALSE,FALSE
zpzaken.nl/post/%C3%A9%C3%A9n-op-de-tien-zzp-ers-mist-uitdaging-in-zijn-opdracht/,https://zpzaken.nl/kennisbank,301,TRUE,TRUE,FALSE,FALSE
zpzaken.nl/prinsjesdag-2020-wat-betekent-dit-voor-jou-als-zper,https://zpzaken.nl/kennisbank/belastingen,301,TRUE,TRUE,FALSE,FALSE
zpzaken.nl/prinsjesdag-2020-wat-betekent-dit-voor-jou-als-zper/,https://zpzaken.nl/kennisbank/belastingen,301,TRUE,TRUE,FALSE,FALSE
zpzaken.nl/product-category/uncategorized,https://zpzaken.nl/kennisbank,301,TRUE,TRUE,FALSE,FALSE
zpzaken.nl/product-category/uncategorized/,https://zpzaken.nl/kennisbank,301,TRUE,TRUE,FALSE,FALSE
zpzaken.nl/product-tag/bav,https://zpzaken.nl/verzekeringen,301,TRUE,TRUE,FALSE,FALSE
zpzaken.nl/product-tag/bav/,https://zpzaken.nl/verzekeringen,301,TRUE,TRUE,FALSE,FALSE
zpzaken.nl/product/beroeps-en-bedrijfsaansprakelijkheidsverzekering,https://zpzaken.nl/verzekeringen,301,TRUE,TRUE,FALSE,FALSE
zpzaken.nl/product/beroeps-en-bedrijfsaansprakelijkheidsverzekering/,https://zpzaken.nl/verzekeringen,301,TRUE,TRUE,FALSE,FALSE
zpzaken.nl/profiteer-mee-van-de-collectieve-zorgverzekering-van-zilveren-kruis,https://zpzaken.nl/zorgverzekering,301,TRUE,TRUE,FALSE,FALSE
zpzaken.nl/profiteer-mee-van-de-collectieve-zorgverzekering-van-zilveren-kruis/,https://zpzaken.nl/zorgverzekering,301,TRUE,TRUE,FALSE,FALSE
zpzaken.nl/prosci-change-management,https://zpzaken.nl/kennisbank,301,TRUE,TRUE,FALSE,FALSE
zpzaken.nl/prosci-change-management/,https://zpzaken.nl/kennisbank,301,TRUE,TRUE,FALSE,FALSE
zpzaken.nl/radio,https://zpzaken.nl/,301,TRUE,TRUE,FALSE,FALSE
zpzaken.nl/radio/,https://zpzaken.nl/,301,TRUE,TRUE,FALSE,FALSE
zpzaken.nl/radio/show/de-gig-economy-volgens-leonard-millenaar,https://zpzaken.nl/,301,TRUE,TRUE,FALSE,FALSE
zpzaken.nl/radio/show/de-gig-economy-volgens-leonard-millenaar/,https://zpzaken.nl/,301,TRUE,TRUE,FALSE,FALSE
zpzaken.nl/registreer,https://zpzaken.nl/,301,TRUE,TRUE,FALSE,FALSE
zpzaken.nl/registreer/,https://zpzaken.nl/,301,TRUE,TRUE,FALSE,FALSE
zpzaken.nl/risicoscan-zzp,https://zpzaken.nl/kennisbank,301,TRUE,TRUE,FALSE,FALSE
zpzaken.nl/risicoscan-zzp/,https://zpzaken.nl/kennisbank,301,TRUE,TRUE,FALSE,FALSE
zpzaken.nl/salarisadministratie-zzp,https://zpzaken.nl/kennisbank,301,TRUE,TRUE,FALSE,FALSE
zpzaken.nl/salarisadministratie-zzp/,https://zpzaken.nl/kennisbank,301,TRUE,TRUE,FALSE,FALSE
zpzaken.nl/scrum,https://zpzaken.nl/,301,TRUE,TRUE,FALSE,FALSE
zpzaken.nl/scrum/,https://zpzaken.nl/,301,TRUE,TRUE,FALSE,FALSE
zpzaken.nl/services,https://zpzaken.nl/,301,TRUE,TRUE,FALSE,FALSE
zpzaken.nl/services/,https://zpzaken.nl/,301,TRUE,TRUE,FALSE,FALSE
zpzaken.nl/services/advies,https://zpzaken.nl/diensten,301,TRUE,TRUE,FALSE,FALSE
zpzaken.nl/services/advies/,https://zpzaken.nl/diensten,301,TRUE,TRUE,FALSE,FALSE
zpzaken.nl/services/algemene-voorwaarden,https://zpzaken.nl/documenten#verzekeringsvoorwaarden,301,TRUE,TRUE,FALSE,FALSE
zpzaken.nl/services/algemene-voorwaarden/,https://zpzaken.nl/documenten#verzekeringsvoorwaarden,301,TRUE,TRUE,FALSE,FALSE
zpzaken.nl/services/bav,https://zpzaken.nl/verzekeringen,301,TRUE,TRUE,FALSE,FALSE
zpzaken.nl/services/bav/,https://zpzaken.nl/verzekeringen,301,TRUE,TRUE,FALSE,FALSE
zpzaken.nl/services/contact,https://zpzaken.nl/contact,301,TRUE,TRUE,FALSE,FALSE
zpzaken.nl/services/contact/,https://zpzaken.nl/contact,301,TRUE,TRUE,FALSE,FALSE
zpzaken.nl/services/financieel,https://zpzaken.nl/kennisbank/financien,301,TRUE,TRUE,FALSE,FALSE
zpzaken.nl/services/financieel/,https://zpzaken.nl/kennisbank/financien,301,TRUE,TRUE,FALSE,FALSE
zpzaken.nl/services/over-zp-services,https://zpzaken.nl/kennisbank,301,TRUE,TRUE,FALSE,FALSE
zpzaken.nl/services/over-zp-services/,https://zpzaken.nl/kennisbank,301,TRUE,TRUE,FALSE,FALSE
zpzaken.nl/services/privacy-statement,https://zpzaken.nl/cookies,301,TRUE,TRUE,FALSE,FALSE
zpzaken.nl/services/privacy-statement/,https://zpzaken.nl/cookies,301,TRUE,TRUE,FALSE,FALSE
zpzaken.nl/services/verzekeringen,https://zpzaken.nl/verzekeringen,301,TRUE,TRUE,FALSE,FALSE
zpzaken.nl/services/verzekeringen/,https://zpzaken.nl/verzekeringen,301,TRUE,TRUE,FALSE,FALSE
zpzaken.nl/shift-happens-trail,https://zpzaken.nl/kennisbank,301,TRUE,TRUE,FALSE,FALSE
zpzaken.nl/shift-happens-trail/,https://zpzaken.nl/kennisbank,301,TRUE,TRUE,FALSE,FALSE
zpzaken.nl/shifthappenstrail-inschrijven,https://zpzaken.nl/kennisbank,301,TRUE,TRUE,FALSE,FALSE
zpzaken.nl/shifthappenstrail-inschrijven/,https://zpzaken.nl/kennisbank,301,TRUE,TRUE,FALSE,FALSE
zpzaken.nl/slimme-manieren-om-je-pensioen-te-regelen-als-zzper,https://zpzaken.nl/pensioen,301,TRUE,TRUE,FALSE,FALSE
zpzaken.nl/slimme-manieren-om-je-pensioen-te-regelen-als-zzper/,https://zpzaken.nl/pensioen,301,TRUE,TRUE,FALSE,FALSE
zpzaken.nl/staffingms,https://zpzaken.nl/partners,301,TRUE,TRUE,FALSE,FALSE
zpzaken.nl/staffingms/,https://zpzaken.nl/partners,301,TRUE,TRUE,FALSE,FALSE
zpzaken.nl/startup,https://zpzaken.nl/,301,TRUE,TRUE,FALSE,FALSE
zpzaken.nl/startup/,https://zpzaken.nl/,301,TRUE,TRUE,FALSE,FALSE
zpzaken.nl/startup-bedanktpage,https://zpzaken.nl/verzekeringen,301,TRUE,TRUE,FALSE,FALSE
zpzaken.nl/startup-bedanktpage/,https://zpzaken.nl/verzekeringen,301,TRUE,TRUE,FALSE,FALSE
zpzaken.nl/subsidie-voor-zpers,https://zpzaken.nl/kennisbank/financien,301,TRUE,TRUE,FALSE,FALSE
zpzaken.nl/subsidie-voor-zpers/,https://zpzaken.nl/kennisbank/financien,301,TRUE,TRUE,FALSE,FALSE
zpzaken.nl/subsidiecheck,https://zpzaken.nl/kennisbank/financien,301,TRUE,TRUE,FALSE,FALSE
zpzaken.nl/subsidiecheck/,https://zpzaken.nl/kennisbank/financien,301,TRUE,TRUE,FALSE,FALSE
zpzaken.nl/tegemoetkoming-vaste-lasten-mkb-tvl-vanaf-nu-aan-te-vragen,https://zpzaken.nl/kennisbank,301,TRUE,TRUE,FALSE,FALSE
zpzaken.nl/tegemoetkoming-vaste-lasten-mkb-tvl-vanaf-nu-aan-te-vragen/,https://zpzaken.nl/kennisbank,301,TRUE,TRUE,FALSE,FALSE
zpzaken.nl/tips-voor-veilig-en-professioneel-thuiswerken,https://zpzaken.nl/kennisbank,301,TRUE,TRUE,FALSE,FALSE
zpzaken.nl/tips-voor-veilig-en-professioneel-thuiswerken/,https://zpzaken.nl/kennisbank,301,TRUE,TRUE,FALSE,FALSE
zpzaken.nl/tweede-voortgangsbrief-kabinet-vervanging-wet-dba-nogmaals-uitgesteld,https://zpzaken.nl/kennisbank/wet-en-regelgeving,301,TRUE,TRUE,FALSE,FALSE
zpzaken.nl/tweede-voortgangsbrief-kabinet-vervanging-wet-dba-nogmaals-uitgesteld/,https://zpzaken.nl/kennisbank/wet-en-regelgeving,301,TRUE,TRUE,FALSE,FALSE
zpzaken.nl/under-construction-zp-radio,https://zpzaken.nl/,301,TRUE,TRUE,FALSE,FALSE
zpzaken.nl/under-construction-zp-radio/,https://zpzaken.nl/,301,TRUE,TRUE,FALSE,FALSE
zpzaken.nl/universiteit-van-tilburg-en-headfirst-introduceren-index-voor-zzp-markt,https://zpzaken.nl/partners,301,TRUE,TRUE,FALSE,FALSE
zpzaken.nl/universiteit-van-tilburg-en-headfirst-introduceren-index-voor-zzp-markt/,https://zpzaken.nl/partners,301,TRUE,TRUE,FALSE,FALSE
zpzaken.nl/vacatures,https://zpzaken.nl/,301,TRUE,TRUE,FALSE,FALSE
zpzaken.nl/vacatures/,https://zpzaken.nl/,301,TRUE,TRUE,FALSE,FALSE
zpzaken.nl/verzekering-myler-bav,https://zpzaken.nl/verzekeringen,301,TRUE,TRUE,FALSE,FALSE
zpzaken.nl/verzekering-myler-bav/,https://zpzaken.nl/verzekeringen,301,TRUE,TRUE,FALSE,FALSE
zpzaken.nl/verzekeringen/arbeidsongeschiktheid-zzp,https://zpzaken.nl/aov,301,TRUE,TRUE,FALSE,FALSE
zpzaken.nl/verzekeringen/arbeidsongeschiktheid-zzp/,https://zpzaken.nl/aov,301,TRUE,TRUE,FALSE,FALSE
zpzaken.nl/verzekeringen/arbeidsongeschiktheid-zzp/centraalbeheer,https://zpzaken.nl/aov,301,TRUE,TRUE,FALSE,FALSE
zpzaken.nl/verzekeringen/arbeidsongeschiktheid-zzp/centraalbeheer/,https://zpzaken.nl/aov,301,TRUE,TRUE,FALSE,FALSE
zpzaken.nl/verzekeringen/arbeidsongeschiktheid-zzp/sharepeople,https://zpzaken.nl/aov,301,TRUE,TRUE,FALSE,FALSE
zpzaken.nl/verzekeringen/arbeidsongeschiktheid-zzp/sharepeople/,https://zpzaken.nl/aov,301,TRUE,TRUE,FALSE,FALSE
zpzaken.nl/verzekeringen/beroeps-en-bedrijfsaansprakelijkheidsverzekering,https://zpzaken.nl/verzekeringen,301,TRUE,TRUE,FALSE,FALSE
zpzaken.nl/verzekeringen/beroeps-en-bedrijfsaansprakelijkheidsverzekering/,https://zpzaken.nl/verzekeringen,301,TRUE,TRUE,FALSE,FALSE
zpzaken.nl/verzekeringen/beroeps-en-bedrijfsaansprakelijkheidsverzekering/actie-bedankt,https://zpzaken.nl/verzekeringen,301,TRUE,TRUE,FALSE,FALSE
zpzaken.nl/verzekeringen/beroeps-en-bedrijfsaansprakelijkheidsverzekering/actie-bedankt/,https://zpzaken.nl/verzekeringen,301,TRUE,TRUE,FALSE,FALSE
zpzaken.nl/verzekeringen/beroeps-en-bedrijfsaansprakelijkheidsverzekering/bedankt,https://zpzaken.nl/verzekeringen,301,TRUE,TRUE,FALSE,FALSE
zpzaken.nl/verzekeringen/beroeps-en-bedrijfsaansprakelijkheidsverzekering/bedankt/,https://zpzaken.nl/verzekeringen,301,TRUE,TRUE,FALSE,FALSE
zpzaken.nl/verzekeringen/beroeps-en-bedrijfsaansprakelijkheidsverzekering/hrm-actie,https://zpzaken.nl/verzekeringen,301,TRUE,TRUE,FALSE,FALSE
zpzaken.nl/verzekeringen/beroeps-en-bedrijfsaansprakelijkheidsverzekering/hrm-actie/,https://zpzaken.nl/verzekeringen,301,TRUE,TRUE,FALSE,FALSE
zpzaken.nl/verzekeringen/beroeps-en-bedrijfsaansprakelijkheidsverzekering/it-actie,https://zpzaken.nl/verzekeringen,301,TRUE,TRUE,FALSE,FALSE
zpzaken.nl/verzekeringen/beroeps-en-bedrijfsaansprakelijkheidsverzekering/it-actie/,https://zpzaken.nl/verzekeringen,301,TRUE,TRUE,FALSE,FALSE
zpzaken.nl/verzekeringen/beroeps-en-bedrijfsaansprakelijkheidsverzekering/marketing-actie,https://zpzaken.nl/verzekeringen,301,TRUE,TRUE,FALSE,FALSE
zpzaken.nl/verzekeringen/beroeps-en-bedrijfsaansprakelijkheidsverzekering/marketing-actie/,https://zpzaken.nl/verzekeringen,301,TRUE,TRUE,FALSE,FALSE
zpzaken.nl/verzekeringen/beroeps-en-bedrijfsaansprakelijkheidsverzekering/overall-actie,https://zpzaken.nl/verzekeringen,301,TRUE,TRUE,FALSE,FALSE
zpzaken.nl/verzekeringen/beroeps-en-bedrijfsaansprakelijkheidsverzekering/overall-actie/,https://zpzaken.nl/verzekeringen,301,TRUE,TRUE,FALSE,FALSE
zpzaken.nl/verzekeringen/collectieve-zorgverzekering,https://zpzaken.nl/zorgverzekering,301,TRUE,TRUE,FALSE,FALSE
zpzaken.nl/verzekeringen/collectieve-zorgverzekering/,https://zpzaken.nl/zorgverzekering,301,TRUE,TRUE,FALSE,FALSE
zpzaken.nl/verzekeringen/cyber-clear-verzekering,https://zpzaken.nl/verzekeringen,301,TRUE,TRUE,FALSE,FALSE
zpzaken.nl/verzekeringen/cyber-clear-verzekering/,https://zpzaken.nl/verzekeringen,301,TRUE,TRUE,FALSE,FALSE
zpzaken.nl/verzekeringen/cyber-clear-verzekering/bedankt,https://zpzaken.nl/verzekeringen,301,TRUE,TRUE,FALSE,FALSE
zpzaken.nl/verzekeringen/cyber-clear-verzekering/bedankt/,https://zpzaken.nl/verzekeringen,301,TRUE,TRUE,FALSE,FALSE
zpzaken.nl/verzekeringen/cyberclear-cyber-verzekering,https://zpzaken.nl/verzekeringen,301,TRUE,TRUE,FALSE,FALSE
zpzaken.nl/verzekeringen/cyberclear-cyber-verzekering/,https://zpzaken.nl/verzekeringen,301,TRUE,TRUE,FALSE,FALSE
zpzaken.nl/verzekeringsadvies,https://zpzaken.nl/verzekeringen,301,TRUE,TRUE,FALSE,FALSE
zpzaken.nl/verzekeringsadvies/,https://zpzaken.nl/verzekeringen,301,TRUE,TRUE,FALSE,FALSE
zpzaken.nl/verzekeringsgids,https://zpzaken.nl/verzekeringen,301,TRUE,TRUE,FALSE,FALSE
zpzaken.nl/verzekeringsgids/,https://zpzaken.nl/verzekeringen,301,TRUE,TRUE,FALSE,FALSE
zpzaken.nl/vraagbaak,https://zpzaken.nl/,301,TRUE,TRUE,FALSE,FALSE
zpzaken.nl/vraagbaak/,https://zpzaken.nl/,301,TRUE,TRUE,FALSE,FALSE
zpzaken.nl/vragen-en-antwoorden-over-de-verplichte-aov-voor-zpers,https://zpzaken.nl/aov,301,TRUE,TRUE,FALSE,FALSE
zpzaken.nl/vragen-en-antwoorden-over-de-verplichte-aov-voor-zpers/,https://zpzaken.nl/aov,301,TRUE,TRUE,FALSE,FALSE
zpzaken.nl/wat-betekent-het-pensioenakkoord-voor-zzpers-en-ondernemers,https://zpzaken.nl/pensioen,301,TRUE,TRUE,FALSE,FALSE
zpzaken.nl/wat-betekent-het-pensioenakkoord-voor-zzpers-en-ondernemers/,https://zpzaken.nl/pensioen,301,TRUE,TRUE,FALSE,FALSE
zpzaken.nl/webinar-brightpensioen,https://zpzaken.nl/pensioen,301,TRUE,TRUE,FALSE,FALSE
zpzaken.nl/webinar-brightpensioen/,https://zpzaken.nl/pensioen,301,TRUE,TRUE,FALSE,FALSE
zpzaken.nl/wijzigingsformulier,https://zpzaken.nl/contact,301,TRUE,TRUE,FALSE,FALSE
zpzaken.nl/wijzigingsformulier/,https://zpzaken.nl/contact,301,TRUE,TRUE,FALSE,FALSE
zpzaken.nl/woningmarkt-voor-zzpers-op-slot,https://zpzaken.nl/kennisbank,301,TRUE,TRUE,FALSE,FALSE
zpzaken.nl/woningmarkt-voor-zzpers-op-slot/,https://zpzaken.nl/kennisbank,301,TRUE,TRUE,FALSE,FALSE
zpzaken.nl/zes-tips-voor-opstellen-ideale-factuur,https://zpzaken.nl/kennisbank/financien,301,TRUE,TRUE,FALSE,FALSE
zpzaken.nl/zes-tips-voor-opstellen-ideale-factuur/,https://zpzaken.nl/kennisbank/financien,301,TRUE,TRUE,FALSE,FALSE
zpzaken.nl/zorg-overstapformulier,https://zpzaken.nl/kennisbank,301,TRUE,TRUE,FALSE,FALSE
zpzaken.nl/zorg-overstapformulier/,https://zpzaken.nl/kennisbank,301,TRUE,TRUE,FALSE,FALSE
zpzaken.nl/zorgenzekerheid,https://zpzaken.nl/,301,TRUE,TRUE,FALSE,FALSE
zpzaken.nl/zorgenzekerheid/,https://zpzaken.nl/,301,TRUE,TRUE,FALSE,FALSE
zpzaken.nl/zp-academy,https://zpzaken.nl/over-ons,301,TRUE,TRUE,FALSE,FALSE
zpzaken.nl/zp-academy/,https://zpzaken.nl/over-ons,301,TRUE,TRUE,FALSE,FALSE
zpzaken.nl/zp-academy-under-construction,https://zpzaken.nl/over-ons,301,TRUE,TRUE,FALSE,FALSE
zpzaken.nl/zp-academy-under-construction/,https://zpzaken.nl/over-ons,301,TRUE,TRUE,FALSE,FALSE
zpzaken.nl/zp-golf,https://zpzaken.nl/,301,TRUE,TRUE,FALSE,FALSE
zpzaken.nl/zp-golf/,https://zpzaken.nl/,301,TRUE,TRUE,FALSE,FALSE
zpzaken.nl/zp-zaken,https://zpzaken.nl/kennisbank/bedrijfsaansprakelijkheidsverzekering-zzp,301,TRUE,TRUE,FALSE,FALSE
zpzaken.nl/zp-zaken/,https://zpzaken.nl/kennisbank/bedrijfsaansprakelijkheidsverzekering-zzp,301,TRUE,TRUE,FALSE,FALSE
zpzaken.nl/zpradio,https://zpzaken.nl/,301,TRUE,TRUE,FALSE,FALSE
zpzaken.nl/zpradio/,https://zpzaken.nl/,301,TRUE,TRUE,FALSE,FALSE
zpzaken.nl/zpradio-podcast,https://zpzaken.nl/,301,TRUE,TRUE,FALSE,FALSE
zpzaken.nl/zpradio-podcast/,https://zpzaken.nl/,301,TRUE,TRUE,FALSE,FALSE
zpzaken.nl/zzper-reist-drie-keer-zo-ver-als-gemiddelde-nederlander,https://zpzaken.nl/kennisbank,301,TRUE,TRUE,FALSE,FALSE
zpzaken.nl/zzper-reist-drie-keer-zo-ver-als-gemiddelde-nederlander/,https://zpzaken.nl/kennisbank,301,TRUE,TRUE,FALSE,FALSE
zpzaken.nl/zzpers-zien-gouden-kansen-in-nieuwe-technologieen,https://zpzaken.nl/kennisbank,301,TRUE,TRUE,FALSE,FALSE
zpzaken.nl/zzpers-zien-gouden-kansen-in-nieuwe-technologieen/,https://zpzaken.nl/kennisbank,301,TRUE,TRUE,FALSE,FALSE
zpzaken.nl/kennisbank/zp-zaken,https://zpzaken.nl/kennisbank/bedrijfsaansprakelijkheidsverzekering-zzp,301,TRUE,TRUE,FALSE,FALSE
zpzaken.nl/kennisbank/zp-zaken/,https://zpzaken.nl/kennisbank/bedrijfsaansprakelijkheidsverzekering-zzp,301,TRUE,TRUE,FALSE,FALSE
zpzaken.nl/beroepsaansprakelijkheidsverzekering-zzp,https://zpzaken.nl/verzekeringen,301,TRUE,TRUE,FALSE,FALSE
zpzaken.nl/beroepsaansprakelijkheidsverzekering-zzp/,https://zpzaken.nl/verzekeringen,301,TRUE,TRUE,FALSE,FALSE
zpzaken.nl/kennisbank/hoe-bereken-ik-bijtelling-als-zzp-er,https://zpzaken.nl/kennisbank/hoe-bereken-ik-bijtelling-als-zzper,301,TRUE,TRUE,FALSE,FALSE
zpzaken.nl/kennisbank/hoe-bereken-ik-bijtelling-als-zzp-er/,https://zpzaken.nl/kennisbank/hoe-bereken-ik-bijtelling-als-zzper,301,TRUE,TRUE,FALSE,FALSE
zpzaken.nl/kennisbank/vbar-wet-verduidelijking-beoordeling-arbeidsrelaties,https://zpzaken.nl/kennisbank/vbar-wet-verduidelijking-arbeidsrelaties,301,TRUE,TRUE,FALSE,FALSE
zpzaken.nl/kennisbank/vbar-wet-verduidelijking-beoordeling-arbeidsrelaties/,https://zpzaken.nl/kennisbank/vbar-wet-verduidelijking-arbeidsrelaties,301,TRUE,TRUE,FALSE,FALSE
zpzaken.nl/opzeggen,https://zpzaken.nl/mijn-zp/opzeggen,301,TRUE,TRUE,FALSE,FALSE
zpzaken.nl/opzeggen/,https://zpzaken.nl/mijn-zp/opzeggen,301,TRUE,TRUE,FALSE,FALSE
zpzaken.nl/opzegging,https://zpzaken.nl/mijn-zp/opzeggen,301,TRUE,TRUE,FALSE,FALSE
zpzaken.nl/opzegging/,https://zpzaken.nl/mijn-zp/opzeggen,301,TRUE,TRUE,FALSE,FALSE
zpzaken.nl/opzegformulier,https://zpzaken.nl/mijn-zp/opzeggen,301,TRUE,TRUE,FALSE,FALSE
zpzaken.nl/opzegformulier/,https://zpzaken.nl/mijn-zp/opzeggen,301,TRUE,TRUE,FALSE,FALSE
zpzaken.nl/opzeggen-bav,https://zpzaken.nl/mijn-zp/opzeggen,301,TRUE,TRUE,FALSE,FALSE
zpzaken.nl/opzeggen-bav/,https://zpzaken.nl/mijn-zp/opzeggen,301,TRUE,TRUE,FALSE,FALSE
zpzaken.nl/bav-opzeggen,https://zpzaken.nl/mijn-zp/opzeggen,301,TRUE,TRUE,FALSE,FALSE
zpzaken.nl/bav-opzeggen/,https://zpzaken.nl/mijn-zp/opzeggen,301,TRUE,TRUE,FALSE,FALSE
zpzaken.nl/polis-opzeggen,https://zpzaken.nl/mijn-zp/opzeggen,301,TRUE,TRUE,FALSE,FALSE
zpzaken.nl/polis-opzeggen/,https://zpzaken.nl/mijn-zp/opzeggen,301,TRUE,TRUE,FALSE,FALSE
zpzaken.nl/verzekering-opzeggen,https://zpzaken.nl/mijn-zp/opzeggen,301,TRUE,TRUE,FALSE,FALSE
zpzaken.nl/verzekering-opzeggen/,https://zpzaken.nl/mijn-zp/opzeggen,301,TRUE,TRUE,FALSE,FALSE
zpzaken.nl/beeindigen,https://zpzaken.nl/mijn-zp/opzeggen,301,TRUE,TRUE,FALSE,FALSE
zpzaken.nl/beeindigen/,https://zpzaken.nl/mijn-zp/opzeggen,301,TRUE,TRUE,FALSE,FALSE
zpzaken.nl/stoppen,https://zpzaken.nl/mijn-zp/opzeggen,301,TRUE,TRUE,FALSE,FALSE
zpzaken.nl/stoppen/,https://zpzaken.nl/mijn-zp/opzeggen,301,TRUE,TRUE,FALSE,FALSE
zpzaken.nl/annuleren,https://zpzaken.nl/mijn-zp/opzeggen,301,TRUE,TRUE,FALSE,FALSE
zpzaken.nl/annuleren/,https://zpzaken.nl/mijn-zp/opzeggen,301,TRUE,TRUE,FALSE,FALSE
zpzaken.nl/pauzeren,https://zpzaken.nl/mijn-zp/pauzeren,301,TRUE,TRUE,FALSE,FALSE
zpzaken.nl/pauzeren/,https://zpzaken.nl/mijn-zp/pauzeren,301,TRUE,TRUE,FALSE,FALSE
zpzaken.nl/pauze,https://zpzaken.nl/mijn-zp/pauzeren,301,TRUE,TRUE,FALSE,FALSE
zpzaken.nl/pauze/,https://zpzaken.nl/mijn-zp/pauzeren,301,TRUE,TRUE,FALSE,FALSE
zpzaken.nl/wijzigen,https://zpzaken.nl/contact,301,TRUE,TRUE,FALSE,FALSE
zpzaken.nl/wijzigen/,https://zpzaken.nl/contact,301,TRUE,TRUE,FALSE,FALSE
zpzaken.nl/wijziging,https://zpzaken.nl/contact,301,TRUE,TRUE,FALSE,FALSE
zpzaken.nl/wijziging/,https://zpzaken.nl/contact,301,TRUE,TRUE,FALSE,FALSE
zpzaken.nl/adreswijziging,https://zpzaken.nl/contact,301,TRUE,TRUE,FALSE,FALSE
zpzaken.nl/adreswijziging/,https://zpzaken.nl/contact,301,TRUE,TRUE,FALSE,FALSE
zpzaken.nl/gegevens-wijzigen,https://zpzaken.nl/contact,301,TRUE,TRUE,FALSE,FALSE
zpzaken.nl/gegevens-wijzigen/,https://zpzaken.nl/contact,301,TRUE,TRUE,FALSE,FALSE
zpzaken.nl/mijn-zp,https://zpzaken.nl/mijn-zp/polis,301,TRUE,TRUE,FALSE,FALSE
zpzaken.nl/mijn-zp/,https://zpzaken.nl/mijn-zp/polis,301,TRUE,TRUE,FALSE,FALSE
zpzaken.nl/mijnzp,https://zpzaken.nl/mijn-zp/polis,301,TRUE,TRUE,FALSE,FALSE
zpzaken.nl/mijnzp/,https://zpzaken.nl/mijn-zp/polis,301,TRUE,TRUE,FALSE,FALSE
zpzaken.nl/mijn-polis,https://zpzaken.nl/mijn-zp/polis,301,TRUE,TRUE,FALSE,FALSE
zpzaken.nl/mijn-polis/,https://zpzaken.nl/mijn-zp/polis,301,TRUE,TRUE,FALSE,FALSE
zpzaken.nl/mijnpolis,https://zpzaken.nl/mijn-zp/polis,301,TRUE,TRUE,FALSE,FALSE
zpzaken.nl/mijnpolis/,https://zpzaken.nl/mijn-zp/polis,301,TRUE,TRUE,FALSE,FALSE
zpzaken.nl/klantenservice,https://zpzaken.nl/mijn-zp/polis,301,TRUE,TRUE,FALSE,FALSE
zpzaken.nl/klantenservice/,https://zpzaken.nl/mijn-zp/polis,301,TRUE,TRUE,FALSE,FALSE
zpzaken.nl/service,https://zpzaken.nl/mijn-zp/polis,301,TRUE,TRUE,FALSE,FALSE
zpzaken.nl/service/,https://zpzaken.nl/mijn-zp/polis,301,TRUE,TRUE,FALSE,FALSE
zpzaken.nl/en/opzeggen,https://zpzaken.nl/mijn-zp/opzeggen,301,TRUE,TRUE,FALSE,FALSE
zpzaken.nl/en/opzeggen/,https://zpzaken.nl/mijn-zp/opzeggen,301,TRUE,TRUE,FALSE,FALSE
zpzaken.nl/en/opzegging,https://zpzaken.nl/mijn-zp/opzeggen,301,TRUE,TRUE,FALSE,FALSE
zpzaken.nl/en/opzegging/,https://zpzaken.nl/mijn-zp/opzeggen,301,TRUE,TRUE,FALSE,FALSE
zpzaken.nl/en/opzegformulier,https://zpzaken.nl/mijn-zp/opzeggen,301,TRUE,TRUE,FALSE,FALSE
zpzaken.nl/en/opzegformulier/,https://zpzaken.nl/mijn-zp/opzeggen,301,TRUE,TRUE,FALSE,FALSE
zpzaken.nl/en/pauzeren,https://zpzaken.nl/mijn-zp/pauzeren,301,TRUE,TRUE,FALSE,FALSE
zpzaken.nl/en/pauzeren/,https://zpzaken.nl/mijn-zp/pauzeren,301,TRUE,TRUE,FALSE,FALSE
zpzaken.nl/en/wijzigingsformulier,https://zpzaken.nl/contact,301,TRUE,TRUE,FALSE,FALSE
zpzaken.nl/en/wijzigingsformulier/,https://zpzaken.nl/contact,301,TRUE,TRUE,FALSE,FALSE
zpzaken.nl/en/mijn-zp,https://zpzaken.nl/mijn-zp/polis,301,TRUE,TRUE,FALSE,FALSE
zpzaken.nl/en/mijn-zp/,https://zpzaken.nl/mijn-zp/polis,301,TRUE,TRUE,FALSE,FALSE
zpzaken.nl/en/mijnzp,https://zpzaken.nl/mijn-zp/polis,301,TRUE,TRUE,FALSE,FALSE
zpzaken.nl/en/mijnzp/,https://zpzaken.nl/mijn-zp/polis,301,TRUE,TRUE,FALSE,FALSE
zpzaken.nl/en/mijn-polis,https://zpzaken.nl/mijn-zp/polis,301,TRUE,TRUE,FALSE,FALSE
zpzaken.nl/en/mijn-polis/,https://zpzaken.nl/mijn-zp/polis,301,TRUE,TRUE,FALSE,FALSE
zpzaken.nl/en/klantenservice,https://zpzaken.nl/mijn-zp/polis,301,TRUE,TRUE,FALSE,FALSE
zpzaken.nl/en/klantenservice/,https://zpzaken.nl/mijn-zp/polis,301,TRUE,TRUE,FALSE,FALSE
